0 verbose cli C:\Program Files\nodejs\node.exe C:\Program Files\nodejs\node_modules\npm\bin\npm-cli.js
1 info using npm@10.9.2
2 info using node@v22.14.0
3 silly config load:file:C:\Program Files\nodejs\node_modules\npm\npmrc
4 silly config load:file:C:\Users\Administrator\Desktop\AI项目\CONSENSUS\.npmrc
5 silly config load:file:C:\Users\Administrator\.npmrc
6 silly config load:file:C:\Users\Administrator\AppData\Roaming\npm\etc\npmrc
7 verbose title npm install
8 verbose argv "install" "--no-audit" "--no-fund" "--cache" ".\\.npm-cache"
9 verbose logfile logs-max:10 dir:C:\Users\Administrator\Desktop\AI项目\CONSENSUS\.npm-cache\_logs\2026-05-08T12_36_00_840Z-
10 verbose logfile C:\Users\Administrator\Desktop\AI项目\CONSENSUS\.npm-cache\_logs\2026-05-08T12_36_00_840Z-debug-0.log
11 silly logfile done cleaning log files
12 silly packumentCache heap:4345298944 maxSize:1086324736 maxEntrySize:543162368
13 silly idealTree buildDeps
14 silly reify mark retired [
14 silly reify   'C:\\Users\\Administrator\\Desktop\\AI项目\\CONSENSUS\\node_modules\\ansi-styles'
14 silly reify ]
15 silly reify mark retired [
15 silly reify   'C:\\Users\\Administrator\\Desktop\\AI项目\\CONSENSUS\\node_modules\\accepts'
15 silly reify ]
16 silly reify mark retired [
16 silly reify   'C:\\Users\\Administrator\\Desktop\\AI项目\\CONSENSUS\\node_modules\\base64-js'
16 silly reify ]
17 silly reify mark retired [
17 silly reify   'C:\\Users\\Administrator\\Desktop\\AI项目\\CONSENSUS\\node_modules\\array-flatten'
17 silly reify ]
18 silly reify mark retired [
18 silly reify   'C:\\Users\\Administrator\\Desktop\\AI项目\\CONSENSUS\\node_modules\\ansi-regex'
18 silly reify ]
19 silly reify mark retired [
19 silly reify   'C:\\Users\\Administrator\\Desktop\\AI项目\\CONSENSUS\\node_modules\\baseline-browser-mapping'
19 silly reify ]
20 silly reify mark retired [
20 silly reify   'C:\\Users\\Administrator\\Desktop\\AI项目\\CONSENSUS\\node_modules\\async-function'
20 silly reify ]
21 silly reify mark retired [
21 silly reify   'C:\\Users\\Administrator\\Desktop\\AI项目\\CONSENSUS\\node_modules\\better-sqlite3'
21 silly reify ]
22 silly reify mark retired [
22 silly reify   'C:\\Users\\Administrator\\Desktop\\AI项目\\CONSENSUS\\node_modules\\async-generator-function'
22 silly reify ]
23 silly reify mark retired [
23 silly reify   'C:\\Users\\Administrator\\Desktop\\AI项目\\CONSENSUS\\node_modules\\body-parser'
23 silly reify ]
24 silly reify mark retired [
24 silly reify   'C:\\Users\\Administrator\\Desktop\\AI项目\\CONSENSUS\\node_modules\\bindings'
24 silly reify ]
25 silly reify mark retired [
25 silly reify   'C:\\Users\\Administrator\\Desktop\\AI项目\\CONSENSUS\\node_modules\\bl'
25 silly reify ]
26 silly reify mark retired [
26 silly reify   'C:\\Users\\Administrator\\Desktop\\AI项目\\CONSENSUS\\node_modules\\browserslist'
26 silly reify ]
27 silly reify mark retired [
27 silly reify   'C:\\Users\\Administrator\\Desktop\\AI项目\\CONSENSUS\\node_modules\\call-bound'
27 silly reify ]
28 silly reify mark retired [
28 silly reify   'C:\\Users\\Administrator\\Desktop\\AI项目\\CONSENSUS\\node_modules\\buffer'
28 silly reify ]
29 silly reify mark retired [
29 silly reify   'C:\\Users\\Administrator\\Desktop\\AI项目\\CONSENSUS\\node_modules\\bytes'
29 silly reify ]
30 silly reify mark retired [
30 silly reify   'C:\\Users\\Administrator\\Desktop\\AI项目\\CONSENSUS\\node_modules\\call-bind-apply-helpers'
30 silly reify ]
31 silly reify mark retired [
31 silly reify   'C:\\Users\\Administrator\\Desktop\\AI项目\\CONSENSUS\\node_modules\\chalk'
31 silly reify ]
32 silly reify mark retired [
32 silly reify   'C:\\Users\\Administrator\\Desktop\\AI项目\\CONSENSUS\\node_modules\\cliui'
32 silly reify ]
33 silly reify mark retired [
33 silly reify   'C:\\Users\\Administrator\\Desktop\\AI项目\\CONSENSUS\\node_modules\\chownr'
33 silly reify ]
34 silly reify mark retired [
34 silly reify   'C:\\Users\\Administrator\\Desktop\\AI项目\\CONSENSUS\\node_modules\\caniuse-lite'
34 silly reify ]
35 silly reify mark retired [
35 silly reify   'C:\\Users\\Administrator\\Desktop\\AI项目\\CONSENSUS\\node_modules\\color-convert'
35 silly reify ]
36 silly reify mark retired [
36 silly reify   'C:\\Users\\Administrator\\Desktop\\AI项目\\CONSENSUS\\node_modules\\color-name'
36 silly reify ]
37 silly reify mark retired [
37 silly reify   'C:\\Users\\Administrator\\Desktop\\AI项目\\CONSENSUS\\node_modules\\concurrently'
37 silly reify ]
38 silly reify mark retired [
38 silly reify   'C:\\Users\\Administrator\\Desktop\\AI项目\\CONSENSUS\\node_modules\\content-type'
38 silly reify ]
39 silly reify mark retired [
39 silly reify   'C:\\Users\\Administrator\\Desktop\\AI项目\\CONSENSUS\\node_modules\\convert-source-map'
39 silly reify ]
40 silly reify mark retired [
40 silly reify   'C:\\Users\\Administrator\\Desktop\\AI项目\\CONSENSUS\\node_modules\\content-disposition'
40 silly reify ]
41 silly reify mark retired [
41 silly reify   'C:\\Users\\Administrator\\Desktop\\AI项目\\CONSENSUS\\node_modules\\cookie'
41 silly reify ]
42 silly reify mark retired [
42 silly reify   'C:\\Users\\Administrator\\Desktop\\AI项目\\CONSENSUS\\node_modules\\cookie-signature'
42 silly reify ]
43 silly reify mark retired [
43 silly reify   'C:\\Users\\Administrator\\Desktop\\AI项目\\CONSENSUS\\node_modules\\decompress-response'
43 silly reify ]
44 silly reify mark retired [
44 silly reify   'C:\\Users\\Administrator\\Desktop\\AI项目\\CONSENSUS\\node_modules\\debug'
44 silly reify ]
45 silly reify mark retired [
45 silly reify   'C:\\Users\\Administrator\\Desktop\\AI项目\\CONSENSUS\\node_modules\\deep-extend'
45 silly reify ]
46 silly reify mark retired [
46 silly reify   'C:\\Users\\Administrator\\Desktop\\AI项目\\CONSENSUS\\node_modules\\destroy'
46 silly reify ]
47 silly reify mark retired [
47 silly reify   'C:\\Users\\Administrator\\Desktop\\AI项目\\CONSENSUS\\node_modules\\dunder-proto'
47 silly reify ]
48 silly reify mark retired [
48 silly reify   'C:\\Users\\Administrator\\Desktop\\AI项目\\CONSENSUS\\node_modules\\depd'
48 silly reify ]
49 silly reify mark retired [
49 silly reify   'C:\\Users\\Administrator\\Desktop\\AI项目\\CONSENSUS\\node_modules\\electron-to-chromium'
49 silly reify ]
50 silly reify mark retired [
50 silly reify   'C:\\Users\\Administrator\\Desktop\\AI项目\\CONSENSUS\\node_modules\\detect-libc'
50 silly reify ]
51 silly reify mark retired [
51 silly reify   'C:\\Users\\Administrator\\Desktop\\AI项目\\CONSENSUS\\node_modules\\end-of-stream'
51 silly reify ]
52 silly reify mark retired [
52 silly reify   'C:\\Users\\Administrator\\Desktop\\AI项目\\CONSENSUS\\node_modules\\emoji-regex'
52 silly reify ]
53 silly reify mark retired [
53 silly reify   'C:\\Users\\Administrator\\Desktop\\AI项目\\CONSENSUS\\node_modules\\es-define-property'
53 silly reify ]
54 silly reify mark retired [
54 silly reify   'C:\\Users\\Administrator\\Desktop\\AI项目\\CONSENSUS\\node_modules\\ee-first'
54 silly reify ]
55 silly reify mark retired [
55 silly reify   'C:\\Users\\Administrator\\Desktop\\AI项目\\CONSENSUS\\node_modules\\es-errors'
55 silly reify ]
56 silly reify mark retired [
56 silly reify   'C:\\Users\\Administrator\\Desktop\\AI项目\\CONSENSUS\\node_modules\\encodeurl'
56 silly reify ]
57 silly reify mark retired [
57 silly reify   'C:\\Users\\Administrator\\Desktop\\AI项目\\CONSENSUS\\node_modules\\esbuild'
57 silly reify ]
58 silly reify mark retired [
58 silly reify   'C:\\Users\\Administrator\\Desktop\\AI项目\\CONSENSUS\\node_modules\\es-object-atoms'
58 silly reify ]
59 silly reify mark retired [
59 silly reify   'C:\\Users\\Administrator\\Desktop\\AI项目\\CONSENSUS\\node_modules\\etag'
59 silly reify ]
60 silly reify mark retired [
60 silly reify   'C:\\Users\\Administrator\\Desktop\\AI项目\\CONSENSUS\\node_modules\\escalade'
60 silly reify ]
61 silly reify mark retired [
61 silly reify   'C:\\Users\\Administrator\\Desktop\\AI项目\\CONSENSUS\\node_modules\\escape-html'
61 silly reify ]
62 silly reify mark retired [
62 silly reify   'C:\\Users\\Administrator\\Desktop\\AI项目\\CONSENSUS\\node_modules\\file-uri-to-path'
62 silly reify ]
63 silly reify mark retired [
63 silly reify   'C:\\Users\\Administrator\\Desktop\\AI项目\\CONSENSUS\\node_modules\\forwarded'
63 silly reify ]
64 silly reify mark retired [
64 silly reify   'C:\\Users\\Administrator\\Desktop\\AI项目\\CONSENSUS\\node_modules\\expand-template'
64 silly reify ]
65 silly reify mark retired [
65 silly reify   'C:\\Users\\Administrator\\Desktop\\AI项目\\CONSENSUS\\node_modules\\express'
65 silly reify ]
66 silly reify mark retired [
66 silly reify   'C:\\Users\\Administrator\\Desktop\\AI项目\\CONSENSUS\\node_modules\\finalhandler'
66 silly reify ]
67 silly reify mark retired [
67 silly reify   'C:\\Users\\Administrator\\Desktop\\AI项目\\CONSENSUS\\node_modules\\fs-constants'
67 silly reify ]
68 silly reify mark retired [
68 silly reify   'C:\\Users\\Administrator\\Desktop\\AI项目\\CONSENSUS\\node_modules\\fresh'
68 silly reify ]
69 silly reify mark retired [
69 silly reify   'C:\\Users\\Administrator\\Desktop\\AI项目\\CONSENSUS\\node_modules\\fsevents'
69 silly reify ]
70 silly reify mark retired [
70 silly reify   'C:\\Users\\Administrator\\Desktop\\AI项目\\CONSENSUS\\node_modules\\generator-function'
70 silly reify ]
71 silly reify mark retired [
71 silly reify   'C:\\Users\\Administrator\\Desktop\\AI项目\\CONSENSUS\\node_modules\\get-intrinsic'
71 silly reify ]
72 silly reify mark retired [
72 silly reify   'C:\\Users\\Administrator\\Desktop\\AI项目\\CONSENSUS\\node_modules\\function-bind'
72 silly reify ]
73 silly reify mark retired [
73 silly reify   'C:\\Users\\Administrator\\Desktop\\AI项目\\CONSENSUS\\node_modules\\gensync'
73 silly reify ]
74 silly reify mark retired [
74 silly reify   'C:\\Users\\Administrator\\Desktop\\AI项目\\CONSENSUS\\node_modules\\github-from-package'
74 silly reify ]
75 silly reify mark retired [
75 silly reify   'C:\\Users\\Administrator\\Desktop\\AI项目\\CONSENSUS\\node_modules\\get-caller-file'
75 silly reify ]
76 silly reify mark retired [
76 silly reify   'C:\\Users\\Administrator\\Desktop\\AI项目\\CONSENSUS\\node_modules\\get-proto'
76 silly reify ]
77 silly reify mark retired [
77 silly reify   'C:\\Users\\Administrator\\Desktop\\AI项目\\CONSENSUS\\node_modules\\gopd'
77 silly reify ]
78 silly reify mark retired [
78 silly reify   'C:\\Users\\Administrator\\Desktop\\AI项目\\CONSENSUS\\node_modules\\has-symbols'
78 silly reify ]
79 silly reify mark retired [
79 silly reify   'C:\\Users\\Administrator\\Desktop\\AI项目\\CONSENSUS\\node_modules\\has-flag'
79 silly reify ]
80 silly reify mark retired [
80 silly reify   'C:\\Users\\Administrator\\Desktop\\AI项目\\CONSENSUS\\node_modules\\hasown'
80 silly reify ]
81 silly reify mark retired [
81 silly reify   'C:\\Users\\Administrator\\Desktop\\AI项目\\CONSENSUS\\node_modules\\http-errors'
81 silly reify ]
82 silly reify mark retired [
82 silly reify   'C:\\Users\\Administrator\\Desktop\\AI项目\\CONSENSUS\\node_modules\\inherits'
82 silly reify ]
83 silly reify mark retired [
83 silly reify   'C:\\Users\\Administrator\\Desktop\\AI项目\\CONSENSUS\\node_modules\\iconv-lite'
83 silly reify ]
84 silly reify mark retired [
84 silly reify   'C:\\Users\\Administrator\\Desktop\\AI项目\\CONSENSUS\\node_modules\\ipaddr.js'
84 silly reify ]
85 silly reify mark retired [
85 silly reify   'C:\\Users\\Administrator\\Desktop\\AI项目\\CONSENSUS\\node_modules\\ieee754'
85 silly reify ]
86 silly reify mark retired [
86 silly reify   'C:\\Users\\Administrator\\Desktop\\AI项目\\CONSENSUS\\node_modules\\ini'
86 silly reify ]
87 silly reify mark retired [
87 silly reify   'C:\\Users\\Administrator\\Desktop\\AI项目\\CONSENSUS\\node_modules\\is-fullwidth-code-point'
87 silly reify ]
88 silly reify mark retired [
88 silly reify   'C:\\Users\\Administrator\\Desktop\\AI项目\\CONSENSUS\\node_modules\\jsesc'
88 silly reify ]
89 silly reify mark retired [
89 silly reify   'C:\\Users\\Administrator\\Desktop\\AI项目\\CONSENSUS\\node_modules\\js-tokens'
89 silly reify ]
90 silly reify mark retired [
90 silly reify   'C:\\Users\\Administrator\\Desktop\\AI项目\\CONSENSUS\\node_modules\\json5'
90 silly reify ]
91 silly reify mark retired [
91 silly reify   'C:\\Users\\Administrator\\Desktop\\AI项目\\CONSENSUS\\node_modules\\loose-envify'
91 silly reify ]
92 silly reify mark retired [
92 silly reify   'C:\\Users\\Administrator\\Desktop\\AI项目\\CONSENSUS\\node_modules\\math-intrinsics'
92 silly reify ]
93 silly reify mark retired [
93 silly reify   'C:\\Users\\Administrator\\Desktop\\AI项目\\CONSENSUS\\node_modules\\lru-cache'
93 silly reify ]
94 silly reify mark retired [
94 silly reify   'C:\\Users\\Administrator\\Desktop\\AI项目\\CONSENSUS\\node_modules\\lucide-react'
94 silly reify ]
95 silly reify mark retired [
95 silly reify   'C:\\Users\\Administrator\\Desktop\\AI项目\\CONSENSUS\\node_modules\\merge-descriptors'
95 silly reify ]
96 silly reify mark retired [
96 silly reify   'C:\\Users\\Administrator\\Desktop\\AI项目\\CONSENSUS\\node_modules\\media-typer'
96 silly reify ]
97 silly reify mark retired [
97 silly reify   'C:\\Users\\Administrator\\Desktop\\AI项目\\CONSENSUS\\node_modules\\mime-db'
97 silly reify ]
98 silly reify mark retired [
98 silly reify   'C:\\Users\\Administrator\\Desktop\\AI项目\\CONSENSUS\\node_modules\\methods'
98 silly reify ]
99 silly reify mark retired [
99 silly reify   'C:\\Users\\Administrator\\Desktop\\AI项目\\CONSENSUS\\node_modules\\mimic-response'
99 silly reify ]
100 silly reify mark retired [
100 silly reify   'C:\\Users\\Administrator\\Desktop\\AI项目\\CONSENSUS\\node_modules\\mime'
100 silly reify ]
101 silly reify mark retired [
101 silly reify   'C:\\Users\\Administrator\\Desktop\\AI项目\\CONSENSUS\\node_modules\\minimist'
101 silly reify ]
102 silly reify mark retired [
102 silly reify   'C:\\Users\\Administrator\\Desktop\\AI项目\\CONSENSUS\\node_modules\\mime-types'
102 silly reify ]
103 silly reify mark retired [
103 silly reify   'C:\\Users\\Administrator\\Desktop\\AI项目\\CONSENSUS\\node_modules\\ms'
103 silly reify ]
104 silly reify mark retired [
104 silly reify   'C:\\Users\\Administrator\\Desktop\\AI项目\\CONSENSUS\\node_modules\\mkdirp-classic'
104 silly reify ]
105 silly reify mark retired [
105 silly reify   'C:\\Users\\Administrator\\Desktop\\AI项目\\CONSENSUS\\node_modules\\nanoid'
105 silly reify ]
106 silly reify mark retired [
106 silly reify   'C:\\Users\\Administrator\\Desktop\\AI项目\\CONSENSUS\\node_modules\\negotiator'
106 silly reify ]
107 silly reify mark retired [
107 silly reify   'C:\\Users\\Administrator\\Desktop\\AI项目\\CONSENSUS\\node_modules\\napi-build-utils'
107 silly reify ]
108 silly reify mark retired [
108 silly reify   'C:\\Users\\Administrator\\Desktop\\AI项目\\CONSENSUS\\node_modules\\node-releases'
108 silly reify ]
109 silly reify mark retired [
109 silly reify   'C:\\Users\\Administrator\\Desktop\\AI项目\\CONSENSUS\\node_modules\\once'
109 silly reify ]
110 silly reify mark retired [
110 silly reify   'C:\\Users\\Administrator\\Desktop\\AI项目\\CONSENSUS\\node_modules\\node-abi'
110 silly reify ]
111 silly reify mark retired [
111 silly reify   'C:\\Users\\Administrator\\Desktop\\AI项目\\CONSENSUS\\node_modules\\object-inspect'
111 silly reify ]
112 silly reify mark retired [
112 silly reify   'C:\\Users\\Administrator\\Desktop\\AI项目\\CONSENSUS\\node_modules\\path-to-regexp'
112 silly reify ]
113 silly reify mark retired [
113 silly reify   'C:\\Users\\Administrator\\Desktop\\AI项目\\CONSENSUS\\node_modules\\parseurl'
113 silly reify ]
114 silly reify mark retired [
114 silly reify   'C:\\Users\\Administrator\\Desktop\\AI项目\\CONSENSUS\\node_modules\\on-finished'
114 silly reify ]
115 silly reify mark retired [
115 silly reify   'C:\\Users\\Administrator\\Desktop\\AI项目\\CONSENSUS\\node_modules\\prebuild-install'
115 silly reify ]
116 silly reify mark retired [
116 silly reify   'C:\\Users\\Administrator\\Desktop\\AI项目\\CONSENSUS\\node_modules\\postcss'
116 silly reify ]
117 silly reify mark retired [
117 silly reify   'C:\\Users\\Administrator\\Desktop\\AI项目\\CONSENSUS\\node_modules\\picocolors'
117 silly reify ]
118 silly reify mark retired [
118 silly reify   'C:\\Users\\Administrator\\Desktop\\AI项目\\CONSENSUS\\node_modules\\pump'
118 silly reify ]
119 silly reify mark retired [
119 silly reify   'C:\\Users\\Administrator\\Desktop\\AI项目\\CONSENSUS\\node_modules\\raw-body'
119 silly reify ]
120 silly reify mark retired [
120 silly reify   'C:\\Users\\Administrator\\Desktop\\AI项目\\CONSENSUS\\node_modules\\proxy-addr'
120 silly reify ]
121 silly reify mark retired [
121 silly reify   'C:\\Users\\Administrator\\Desktop\\AI项目\\CONSENSUS\\node_modules\\qs'
121 silly reify ]
122 silly reify mark retired [
122 silly reify   'C:\\Users\\Administrator\\Desktop\\AI项目\\CONSENSUS\\node_modules\\react'
122 silly reify ]
123 silly reify mark retired [
123 silly reify   'C:\\Users\\Administrator\\Desktop\\AI项目\\CONSENSUS\\node_modules\\range-parser'
123 silly reify ]
124 silly reify mark retired [
124 silly reify   'C:\\Users\\Administrator\\Desktop\\AI项目\\CONSENSUS\\node_modules\\rc'
124 silly reify ]
125 silly reify mark retired [
125 silly reify   'C:\\Users\\Administrator\\Desktop\\AI项目\\CONSENSUS\\node_modules\\readable-stream'
125 silly reify ]
126 silly reify mark retired [
126 silly reify   'C:\\Users\\Administrator\\Desktop\\AI项目\\CONSENSUS\\node_modules\\react-refresh'
126 silly reify ]
127 silly reify mark retired [
127 silly reify   'C:\\Users\\Administrator\\Desktop\\AI项目\\CONSENSUS\\node_modules\\react-dom'
127 silly reify ]
128 silly reify mark retired [
128 silly reify   'C:\\Users\\Administrator\\Desktop\\AI项目\\CONSENSUS\\node_modules\\rollup'
128 silly reify ]
129 silly reify mark retired [
129 silly reify   'C:\\Users\\Administrator\\Desktop\\AI项目\\CONSENSUS\\node_modules\\safer-buffer'
129 silly reify ]
130 silly reify mark retired [
130 silly reify   'C:\\Users\\Administrator\\Desktop\\AI项目\\CONSENSUS\\node_modules\\require-directory'
130 silly reify ]
131 silly reify mark retired [
131 silly reify   'C:\\Users\\Administrator\\Desktop\\AI项目\\CONSENSUS\\node_modules\\safe-buffer'
131 silly reify ]
132 silly reify mark retired [
132 silly reify   'C:\\Users\\Administrator\\Desktop\\AI项目\\CONSENSUS\\node_modules\\rxjs'
132 silly reify ]
133 silly reify mark retired [
133 silly reify   'C:\\Users\\Administrator\\Desktop\\AI项目\\CONSENSUS\\node_modules\\semver'
133 silly reify ]
134 silly reify mark retired [
134 silly reify   'C:\\Users\\Administrator\\Desktop\\AI项目\\CONSENSUS\\node_modules\\scheduler'
134 silly reify ]
135 silly reify mark retired [
135 silly reify   'C:\\Users\\Administrator\\Desktop\\AI项目\\CONSENSUS\\node_modules\\send'
135 silly reify ]
136 silly reify mark retired [
136 silly reify   'C:\\Users\\Administrator\\Desktop\\AI项目\\CONSENSUS\\node_modules\\serve-static'
136 silly reify ]
137 silly reify mark retired [
137 silly reify   'C:\\Users\\Administrator\\Desktop\\AI项目\\CONSENSUS\\node_modules\\shell-quote'
137 silly reify ]
138 silly reify mark retired [
138 silly reify   'C:\\Users\\Administrator\\Desktop\\AI项目\\CONSENSUS\\node_modules\\setprototypeof'
138 silly reify ]
139 silly reify mark retired [
139 silly reify   'C:\\Users\\Administrator\\Desktop\\AI项目\\CONSENSUS\\node_modules\\side-channel-list'
139 silly reify ]
140 silly reify mark retired [
140 silly reify   'C:\\Users\\Administrator\\Desktop\\AI项目\\CONSENSUS\\node_modules\\simple-concat'
140 silly reify ]
141 silly reify mark retired [
141 silly reify   'C:\\Users\\Administrator\\Desktop\\AI项目\\CONSENSUS\\node_modules\\side-channel'
141 silly reify ]
142 silly reify mark retired [
142 silly reify   'C:\\Users\\Administrator\\Desktop\\AI项目\\CONSENSUS\\node_modules\\side-channel-map'
142 silly reify ]
143 silly reify mark retired [
143 silly reify   'C:\\Users\\Administrator\\Desktop\\AI项目\\CONSENSUS\\node_modules\\side-channel-weakmap'
143 silly reify ]
144 silly reify mark retired [
144 silly reify   'C:\\Users\\Administrator\\Desktop\\AI项目\\CONSENSUS\\node_modules\\source-map-js'
144 silly reify ]
145 silly reify mark retired [
145 silly reify   'C:\\Users\\Administrator\\Desktop\\AI项目\\CONSENSUS\\node_modules\\simple-get'
145 silly reify ]
146 silly reify mark retired [
146 silly reify   'C:\\Users\\Administrator\\Desktop\\AI项目\\CONSENSUS\\node_modules\\string_decoder'
146 silly reify ]
147 silly reify mark retired [
147 silly reify   'C:\\Users\\Administrator\\Desktop\\AI项目\\CONSENSUS\\node_modules\\statuses'
147 silly reify ]
148 silly reify mark retired [
148 silly reify   'C:\\Users\\Administrator\\Desktop\\AI项目\\CONSENSUS\\node_modules\\string-width'
148 silly reify ]
149 silly reify mark retired [
149 silly reify   'C:\\Users\\Administrator\\Desktop\\AI项目\\CONSENSUS\\node_modules\\strip-json-comments'
149 silly reify ]
150 silly reify mark retired [
150 silly reify   'C:\\Users\\Administrator\\Desktop\\AI项目\\CONSENSUS\\node_modules\\supports-color'
150 silly reify ]
151 silly reify mark retired [
151 silly reify   'C:\\Users\\Administrator\\Desktop\\AI项目\\CONSENSUS\\node_modules\\strip-ansi'
151 silly reify ]
152 silly reify mark retired [
152 silly reify   'C:\\Users\\Administrator\\Desktop\\AI项目\\CONSENSUS\\node_modules\\tree-kill'
152 silly reify ]
153 silly reify mark retired [
153 silly reify   'C:\\Users\\Administrator\\Desktop\\AI项目\\CONSENSUS\\node_modules\\tar-fs'
153 silly reify ]
154 silly reify mark retired [
154 silly reify   'C:\\Users\\Administrator\\Desktop\\AI项目\\CONSENSUS\\node_modules\\tar-stream'
154 silly reify ]
155 silly reify mark retired [
155 silly reify   'C:\\Users\\Administrator\\Desktop\\AI项目\\CONSENSUS\\node_modules\\tunnel-agent'
155 silly reify ]
156 silly reify mark retired [
156 silly reify   'C:\\Users\\Administrator\\Desktop\\AI项目\\CONSENSUS\\node_modules\\type-is'
156 silly reify ]
157 silly reify mark retired [
157 silly reify   'C:\\Users\\Administrator\\Desktop\\AI项目\\CONSENSUS\\node_modules\\unpipe'
157 silly reify ]
158 silly reify mark retired [
158 silly reify   'C:\\Users\\Administrator\\Desktop\\AI项目\\CONSENSUS\\node_modules\\update-browserslist-db'
158 silly reify ]
159 silly reify mark retired [
159 silly reify   'C:\\Users\\Administrator\\Desktop\\AI项目\\CONSENSUS\\node_modules\\util-deprecate'
159 silly reify ]
160 silly reify mark retired [
160 silly reify   'C:\\Users\\Administrator\\Desktop\\AI项目\\CONSENSUS\\node_modules\\utils-merge'
160 silly reify ]
161 silly reify mark retired [
161 silly reify   'C:\\Users\\Administrator\\Desktop\\AI项目\\CONSENSUS\\node_modules\\vite'
161 silly reify ]
162 silly reify mark retired [
162 silly reify   'C:\\Users\\Administrator\\Desktop\\AI项目\\CONSENSUS\\node_modules\\vary'
162 silly reify ]
163 silly reify mark retired [
163 silly reify   'C:\\Users\\Administrator\\Desktop\\AI项目\\CONSENSUS\\node_modules\\wrap-ansi'
163 silly reify ]
164 silly reify mark retired [
164 silly reify   'C:\\Users\\Administrator\\Desktop\\AI项目\\CONSENSUS\\node_modules\\wrappy'
164 silly reify ]
165 silly reify mark retired [
165 silly reify   'C:\\Users\\Administrator\\Desktop\\AI项目\\CONSENSUS\\node_modules\\ws'
165 silly reify ]
166 silly reify mark retired [
166 silly reify   'C:\\Users\\Administrator\\Desktop\\AI项目\\CONSENSUS\\node_modules\\y18n'
166 silly reify ]
167 silly reify mark retired [
167 silly reify   'C:\\Users\\Administrator\\Desktop\\AI项目\\CONSENSUS\\node_modules\\yallist'
167 silly reify ]
168 silly reify mark retired [
168 silly reify   'C:\\Users\\Administrator\\Desktop\\AI项目\\CONSENSUS\\node_modules\\yargs'
168 silly reify ]
169 silly reify mark retired [
169 silly reify   'C:\\Users\\Administrator\\Desktop\\AI项目\\CONSENSUS\\node_modules\\yargs-parser'
169 silly reify ]
170 silly reify mark retired [
170 silly reify   'C:\\Users\\Administrator\\Desktop\\AI项目\\CONSENSUS\\node_modules\\tslib'
170 silly reify ]
171 silly reify mark retired [
171 silly reify   'C:\\Users\\Administrator\\Desktop\\AI项目\\CONSENSUS\\node_modules\\toidentifier'
171 silly reify ]
172 silly reify mark retired [
172 silly reify   'C:\\Users\\Administrator\\Desktop\\AI项目\\CONSENSUS\\node_modules\\@babel\\code-frame'
172 silly reify ]
173 silly reify mark retired [
173 silly reify   'C:\\Users\\Administrator\\Desktop\\AI项目\\CONSENSUS\\node_modules\\@babel\\generator'
173 silly reify ]
174 silly reify mark retired [
174 silly reify   'C:\\Users\\Administrator\\Desktop\\AI项目\\CONSENSUS\\node_modules\\@babel\\compat-data'
174 silly reify ]
175 silly reify mark retired [
175 silly reify   'C:\\Users\\Administrator\\Desktop\\AI项目\\CONSENSUS\\node_modules\\@babel\\core'
175 silly reify ]
176 silly reify mark retired [
176 silly reify   'C:\\Users\\Administrator\\Desktop\\AI项目\\CONSENSUS\\node_modules\\@babel\\helper-globals'
176 silly reify ]
177 silly reify mark retired [
177 silly reify   'C:\\Users\\Administrator\\Desktop\\AI项目\\CONSENSUS\\node_modules\\@babel\\helper-module-transforms'
177 silly reify ]
178 silly reify mark retired [
178 silly reify   'C:\\Users\\Administrator\\Desktop\\AI项目\\CONSENSUS\\node_modules\\@babel\\helper-module-imports'
178 silly reify ]
179 silly reify mark retired [
179 silly reify   'C:\\Users\\Administrator\\Desktop\\AI项目\\CONSENSUS\\node_modules\\@babel\\helper-string-parser'
179 silly reify ]
180 silly reify mark retired [
180 silly reify   'C:\\Users\\Administrator\\Desktop\\AI项目\\CONSENSUS\\node_modules\\@babel\\helper-compilation-targets'
180 silly reify ]
181 silly reify mark retired [
181 silly reify   'C:\\Users\\Administrator\\Desktop\\AI项目\\CONSENSUS\\node_modules\\@babel\\helpers'
181 silly reify ]
182 silly reify mark retired [
182 silly reify   'C:\\Users\\Administrator\\Desktop\\AI项目\\CONSENSUS\\node_modules\\@babel\\helper-plugin-utils'
182 silly reify ]
183 silly reify mark retired [
183 silly reify   'C:\\Users\\Administrator\\Desktop\\AI项目\\CONSENSUS\\node_modules\\@babel\\helper-validator-identifier'
183 silly reify ]
184 silly reify mark retired [
184 silly reify   'C:\\Users\\Administrator\\Desktop\\AI项目\\CONSENSUS\\node_modules\\@babel\\parser'
184 silly reify ]
185 silly reify mark retired [
185 silly reify   'C:\\Users\\Administrator\\Desktop\\AI项目\\CONSENSUS\\node_modules\\@babel\\helper-validator-option'
185 silly reify ]
186 silly reify mark retired [
186 silly reify   'C:\\Users\\Administrator\\Desktop\\AI项目\\CONSENSUS\\node_modules\\@babel\\template'
186 silly reify ]
187 silly reify mark retired [
187 silly reify   'C:\\Users\\Administrator\\Desktop\\AI项目\\CONSENSUS\\node_modules\\@babel\\plugin-transform-react-jsx-source'
187 silly reify ]
188 silly reify mark retired [
188 silly reify   'C:\\Users\\Administrator\\Desktop\\AI项目\\CONSENSUS\\node_modules\\@babel\\plugin-transform-react-jsx-self'
188 silly reify ]
189 silly reify mark retired [
189 silly reify   'C:\\Users\\Administrator\\Desktop\\AI项目\\CONSENSUS\\node_modules\\@babel\\types'
189 silly reify ]
190 silly reify mark retired [
190 silly reify   'C:\\Users\\Administrator\\Desktop\\AI项目\\CONSENSUS\\node_modules\\@babel\\traverse'
190 silly reify ]
191 silly reify mark retired [
191 silly reify   'C:\\Users\\Administrator\\Desktop\\AI项目\\CONSENSUS\\node_modules\\@esbuild\\android-arm64'
191 silly reify ]
192 silly reify mark retired [
192 silly reify   'C:\\Users\\Administrator\\Desktop\\AI项目\\CONSENSUS\\node_modules\\@esbuild\\android-arm'
192 silly reify ]
193 silly reify mark retired [
193 silly reify   'C:\\Users\\Administrator\\Desktop\\AI项目\\CONSENSUS\\node_modules\\@esbuild\\aix-ppc64'
193 silly reify ]
194 silly reify mark retired [
194 silly reify   'C:\\Users\\Administrator\\Desktop\\AI项目\\CONSENSUS\\node_modules\\@esbuild\\darwin-arm64'
194 silly reify ]
195 silly reify mark retired [
195 silly reify   'C:\\Users\\Administrator\\Desktop\\AI项目\\CONSENSUS\\node_modules\\@esbuild\\android-x64'
195 silly reify ]
196 silly reify mark retired [
196 silly reify   'C:\\Users\\Administrator\\Desktop\\AI项目\\CONSENSUS\\node_modules\\@esbuild\\darwin-x64'
196 silly reify ]
197 silly reify mark retired [
197 silly reify   'C:\\Users\\Administrator\\Desktop\\AI项目\\CONSENSUS\\node_modules\\@esbuild\\freebsd-x64'
197 silly reify ]
198 silly reify mark retired [
198 silly reify   'C:\\Users\\Administrator\\Desktop\\AI项目\\CONSENSUS\\node_modules\\@esbuild\\linux-arm64'
198 silly reify ]
199 silly reify mark retired [
199 silly reify   'C:\\Users\\Administrator\\Desktop\\AI项目\\CONSENSUS\\node_modules\\@esbuild\\linux-arm'
199 silly reify ]
200 silly reify mark retired [
200 silly reify   'C:\\Users\\Administrator\\Desktop\\AI项目\\CONSENSUS\\node_modules\\@esbuild\\freebsd-arm64'
200 silly reify ]
201 silly reify mark retired [
201 silly reify   'C:\\Users\\Administrator\\Desktop\\AI项目\\CONSENSUS\\node_modules\\@esbuild\\linux-mips64el'
201 silly reify ]
202 silly reify mark retired [
202 silly reify   'C:\\Users\\Administrator\\Desktop\\AI项目\\CONSENSUS\\node_modules\\@esbuild\\linux-loong64'
202 silly reify ]
203 silly reify mark retired [
203 silly reify   'C:\\Users\\Administrator\\Desktop\\AI项目\\CONSENSUS\\node_modules\\@esbuild\\linux-riscv64'
203 silly reify ]
204 silly reify mark retired [
204 silly reify   'C:\\Users\\Administrator\\Desktop\\AI项目\\CONSENSUS\\node_modules\\@esbuild\\linux-ia32'
204 silly reify ]
205 silly reify mark retired [
205 silly reify   'C:\\Users\\Administrator\\Desktop\\AI项目\\CONSENSUS\\node_modules\\@esbuild\\linux-ppc64'
205 silly reify ]
206 silly reify mark retired [
206 silly reify   'C:\\Users\\Administrator\\Desktop\\AI项目\\CONSENSUS\\node_modules\\@esbuild\\linux-s390x'
206 silly reify ]
207 silly reify mark retired [
207 silly reify   'C:\\Users\\Administrator\\Desktop\\AI项目\\CONSENSUS\\node_modules\\@esbuild\\netbsd-x64'
207 silly reify ]
208 silly reify mark retired [
208 silly reify   'C:\\Users\\Administrator\\Desktop\\AI项目\\CONSENSUS\\node_modules\\@esbuild\\linux-x64'
208 silly reify ]
209 silly reify mark retired [
209 silly reify   'C:\\Users\\Administrator\\Desktop\\AI项目\\CONSENSUS\\node_modules\\@esbuild\\sunos-x64'
209 silly reify ]
210 silly reify mark retired [
210 silly reify   'C:\\Users\\Administrator\\Desktop\\AI项目\\CONSENSUS\\node_modules\\@esbuild\\win32-x64'
210 silly reify ]
211 silly reify mark retired [
211 silly reify   'C:\\Users\\Administrator\\Desktop\\AI项目\\CONSENSUS\\node_modules\\@esbuild\\openbsd-x64'
211 silly reify ]
212 silly reify mark retired [
212 silly reify   'C:\\Users\\Administrator\\Desktop\\AI项目\\CONSENSUS\\node_modules\\@esbuild\\win32-arm64'
212 silly reify ]
213 silly reify mark retired [
213 silly reify   'C:\\Users\\Administrator\\Desktop\\AI项目\\CONSENSUS\\node_modules\\@esbuild\\win32-ia32'
213 silly reify ]
214 silly reify mark retired [
214 silly reify   'C:\\Users\\Administrator\\Desktop\\AI项目\\CONSENSUS\\node_modules\\@jridgewell\\remapping'
214 silly reify ]
215 silly reify mark retired [
215 silly reify   'C:\\Users\\Administrator\\Desktop\\AI项目\\CONSENSUS\\node_modules\\@jridgewell\\trace-mapping'
215 silly reify ]
216 silly reify mark retired [
216 silly reify   'C:\\Users\\Administrator\\Desktop\\AI项目\\CONSENSUS\\node_modules\\@jridgewell\\gen-mapping'
216 silly reify ]
217 silly reify mark retired [
217 silly reify   'C:\\Users\\Administrator\\Desktop\\AI项目\\CONSENSUS\\node_modules\\@jridgewell\\resolve-uri'
217 silly reify ]
218 silly reify mark retired [
218 silly reify   'C:\\Users\\Administrator\\Desktop\\AI项目\\CONSENSUS\\node_modules\\@jridgewell\\sourcemap-codec'
218 silly reify ]
219 silly reify mark retired [
219 silly reify   'C:\\Users\\Administrator\\Desktop\\AI项目\\CONSENSUS\\node_modules\\@rolldown\\pluginutils'
219 silly reify ]
220 silly reify mark retired [
220 silly reify   'C:\\Users\\Administrator\\Desktop\\AI项目\\CONSENSUS\\node_modules\\@rollup\\rollup-android-arm-eabi'
220 silly reify ]
221 silly reify mark retired [
221 silly reify   'C:\\Users\\Administrator\\Desktop\\AI项目\\CONSENSUS\\node_modules\\@rollup\\rollup-darwin-arm64'
221 silly reify ]
222 silly reify mark retired [
222 silly reify   'C:\\Users\\Administrator\\Desktop\\AI项目\\CONSENSUS\\node_modules\\@rollup\\rollup-android-arm64'
222 silly reify ]
223 silly reify mark retired [
223 silly reify   'C:\\Users\\Administrator\\Desktop\\AI项目\\CONSENSUS\\node_modules\\@rollup\\rollup-freebsd-arm64'
223 silly reify ]
224 silly reify mark retired [
224 silly reify   'C:\\Users\\Administrator\\Desktop\\AI项目\\CONSENSUS\\node_modules\\@rollup\\rollup-freebsd-x64'
224 silly reify ]
225 silly reify mark retired [
225 silly reify   'C:\\Users\\Administrator\\Desktop\\AI项目\\CONSENSUS\\node_modules\\@rollup\\rollup-linux-arm-gnueabihf'
225 silly reify ]
226 silly reify mark retired [
226 silly reify   'C:\\Users\\Administrator\\Desktop\\AI项目\\CONSENSUS\\node_modules\\@rollup\\rollup-linux-arm64-gnu'
226 silly reify ]
227 silly reify mark retired [
227 silly reify   'C:\\Users\\Administrator\\Desktop\\AI项目\\CONSENSUS\\node_modules\\@rollup\\rollup-linux-loong64-gnu'
227 silly reify ]
228 silly reify mark retired [
228 silly reify   'C:\\Users\\Administrator\\Desktop\\AI项目\\CONSENSUS\\node_modules\\@rollup\\rollup-darwin-x64'
228 silly reify ]
229 silly reify mark retired [
229 silly reify   'C:\\Users\\Administrator\\Desktop\\AI项目\\CONSENSUS\\node_modules\\@rollup\\rollup-linux-arm-musleabihf'
229 silly reify ]
230 silly reify mark retired [
230 silly reify   'C:\\Users\\Administrator\\Desktop\\AI项目\\CONSENSUS\\node_modules\\@rollup\\rollup-linux-ppc64-gnu'
230 silly reify ]
231 silly reify mark retired [
231 silly reify   'C:\\Users\\Administrator\\Desktop\\AI项目\\CONSENSUS\\node_modules\\@rollup\\rollup-linux-arm64-musl'
231 silly reify ]
232 silly reify mark retired [
232 silly reify   'C:\\Users\\Administrator\\Desktop\\AI项目\\CONSENSUS\\node_modules\\@rollup\\rollup-linux-loong64-musl'
232 silly reify ]
233 silly reify mark retired [
233 silly reify   'C:\\Users\\Administrator\\Desktop\\AI项目\\CONSENSUS\\node_modules\\@rollup\\rollup-linux-x64-gnu'
233 silly reify ]
234 silly reify mark retired [
234 silly reify   'C:\\Users\\Administrator\\Desktop\\AI项目\\CONSENSUS\\node_modules\\@rollup\\rollup-linux-riscv64-musl'
234 silly reify ]
235 silly reify mark retired [
235 silly reify   'C:\\Users\\Administrator\\Desktop\\AI项目\\CONSENSUS\\node_modules\\@rollup\\rollup-linux-riscv64-gnu'
235 silly reify ]
236 silly reify mark retired [
236 silly reify   'C:\\Users\\Administrator\\Desktop\\AI项目\\CONSENSUS\\node_modules\\@rollup\\rollup-linux-ppc64-musl'
236 silly reify ]
237 silly reify mark retired [
237 silly reify   'C:\\Users\\Administrator\\Desktop\\AI项目\\CONSENSUS\\node_modules\\@rollup\\rollup-linux-s390x-gnu'
237 silly reify ]
238 silly reify mark retired [
238 silly reify   'C:\\Users\\Administrator\\Desktop\\AI项目\\CONSENSUS\\node_modules\\@rollup\\rollup-win32-ia32-msvc'
238 silly reify ]
239 silly reify mark retired [
239 silly reify   'C:\\Users\\Administrator\\Desktop\\AI项目\\CONSENSUS\\node_modules\\@rollup\\rollup-linux-x64-musl'
239 silly reify ]
240 silly reify mark retired [
240 silly reify   'C:\\Users\\Administrator\\Desktop\\AI项目\\CONSENSUS\\node_modules\\@rollup\\rollup-win32-arm64-msvc'
240 silly reify ]
241 silly reify mark retired [
241 silly reify   'C:\\Users\\Administrator\\Desktop\\AI项目\\CONSENSUS\\node_modules\\@rollup\\rollup-openbsd-x64'
241 silly reify ]
242 silly reify mark retired [
242 silly reify   'C:\\Users\\Administrator\\Desktop\\AI项目\\CONSENSUS\\node_modules\\@rollup\\rollup-win32-x64-gnu'
242 silly reify ]
243 silly reify mark retired [
243 silly reify   'C:\\Users\\Administrator\\Desktop\\AI项目\\CONSENSUS\\node_modules\\@rollup\\rollup-openharmony-arm64'
243 silly reify ]
244 silly reify mark retired [
244 silly reify   'C:\\Users\\Administrator\\Desktop\\AI项目\\CONSENSUS\\node_modules\\@types\\babel__generator'
244 silly reify ]
245 silly reify mark retired [
245 silly reify   'C:\\Users\\Administrator\\Desktop\\AI项目\\CONSENSUS\\node_modules\\@rollup\\rollup-win32-x64-msvc'
245 silly reify ]
246 silly reify mark retired [
246 silly reify   'C:\\Users\\Administrator\\Desktop\\AI项目\\CONSENSUS\\node_modules\\@types\\babel__core'
246 silly reify ]
247 silly reify mark retired [
247 silly reify   'C:\\Users\\Administrator\\Desktop\\AI项目\\CONSENSUS\\node_modules\\@types\\babel__template'
247 silly reify ]
248 silly reify mark retired [
248 silly reify   'C:\\Users\\Administrator\\Desktop\\AI项目\\CONSENSUS\\node_modules\\@types\\babel__traverse'
248 silly reify ]
249 silly reify mark retired [
249 silly reify   'C:\\Users\\Administrator\\Desktop\\AI项目\\CONSENSUS\\node_modules\\@vitejs\\plugin-react'
249 silly reify ]
250 silly reify mark retired [
250 silly reify   'C:\\Users\\Administrator\\Desktop\\AI项目\\CONSENSUS\\node_modules\\@types\\estree'
250 silly reify ]
251 silly reify moves {
251 silly reify   'C:\\Users\\Administrator\\Desktop\\AI项目\\CONSENSUS\\node_modules\\ansi-styles': 'C:\\Users\\Administrator\\Desktop\\AI项目\\CONSENSUS\\node_modules\\.ansi-styles-mMK9QEzU',
251 silly reify   'C:\\Users\\Administrator\\Desktop\\AI项目\\CONSENSUS\\node_modules\\accepts': 'C:\\Users\\Administrator\\Desktop\\AI项目\\CONSENSUS\\node_modules\\.accepts-d3gYwtAK',
251 silly reify   'C:\\Users\\Administrator\\Desktop\\AI项目\\CONSENSUS\\node_modules\\base64-js': 'C:\\Users\\Administrator\\Desktop\\AI项目\\CONSENSUS\\node_modules\\.base64-js-xfhithKr',
251 silly reify   'C:\\Users\\Administrator\\Desktop\\AI项目\\CONSENSUS\\node_modules\\array-flatten': 'C:\\Users\\Administrator\\Desktop\\AI项目\\CONSENSUS\\node_modules\\.array-flatten-IBEhxHT0',
251 silly reify   'C:\\Users\\Administrator\\Desktop\\AI项目\\CONSENSUS\\node_modules\\ansi-regex': 'C:\\Users\\Administrator\\Desktop\\AI项目\\CONSENSUS\\node_modules\\.ansi-regex-vZ0Fmrcx',
251 silly reify   'C:\\Users\\Administrator\\Desktop\\AI项目\\CONSENSUS\\node_modules\\baseline-browser-mapping': 'C:\\Users\\Administrator\\Desktop\\AI项目\\CONSENSUS\\node_modules\\.baseline-browser-mapping-gKyQ814S',
251 silly reify   'C:\\Users\\Administrator\\Desktop\\AI项目\\CONSENSUS\\node_modules\\async-function': 'C:\\Users\\Administrator\\Desktop\\AI项目\\CONSENSUS\\node_modules\\.async-function-D5ZVtwgf',
251 silly reify   'C:\\Users\\Administrator\\Desktop\\AI项目\\CONSENSUS\\node_modules\\better-sqlite3': 'C:\\Users\\Administrator\\Desktop\\AI项目\\CONSENSUS\\node_modules\\.better-sqlite3-S5jVzsu0',
251 silly reify   'C:\\Users\\Administrator\\Desktop\\AI项目\\CONSENSUS\\node_modules\\async-generator-function': 'C:\\Users\\Administrator\\Desktop\\AI项目\\CONSENSUS\\node_modules\\.async-generator-function-6SMJW4ls',
251 silly reify   'C:\\Users\\Administrator\\Desktop\\AI项目\\CONSENSUS\\node_modules\\body-parser': 'C:\\Users\\Administrator\\Desktop\\AI项目\\CONSENSUS\\node_modules\\.body-parser-ySkwpGZR',
251 silly reify   'C:\\Users\\Administrator\\Desktop\\AI项目\\CONSENSUS\\node_modules\\bindings': 'C:\\Users\\Administrator\\Desktop\\AI项目\\CONSENSUS\\node_modules\\.bindings-eiEk7vkA',
251 silly reify   'C:\\Users\\Administrator\\Desktop\\AI项目\\CONSENSUS\\node_modules\\bl': 'C:\\Users\\Administrator\\Desktop\\AI项目\\CONSENSUS\\node_modules\\.bl-4wiFrwi2',
251 silly reify   'C:\\Users\\Administrator\\Desktop\\AI项目\\CONSENSUS\\node_modules\\browserslist': 'C:\\Users\\Administrator\\Desktop\\AI项目\\CONSENSUS\\node_modules\\.browserslist-LKcTlj4y',
251 silly reify   'C:\\Users\\Administrator\\Desktop\\AI项目\\CONSENSUS\\node_modules\\call-bound': 'C:\\Users\\Administrator\\Desktop\\AI项目\\CONSENSUS\\node_modules\\.call-bound-HWqTC2jR',
251 silly reify   'C:\\Users\\Administrator\\Desktop\\AI项目\\CONSENSUS\\node_modules\\buffer': 'C:\\Users\\Administrator\\Desktop\\AI项目\\CONSENSUS\\node_modules\\.buffer-0HPIvaLU',
251 silly reify   'C:\\Users\\Administrator\\Desktop\\AI项目\\CONSENSUS\\node_modules\\bytes': 'C:\\Users\\Administrator\\Desktop\\AI项目\\CONSENSUS\\node_modules\\.bytes-I2TjRfMG',
251 silly reify   'C:\\Users\\Administrator\\Desktop\\AI项目\\CONSENSUS\\node_modules\\call-bind-apply-helpers': 'C:\\Users\\Administrator\\Desktop\\AI项目\\CONSENSUS\\node_modules\\.call-bind-apply-helpers-pZEZ6dpP',
251 silly reify   'C:\\Users\\Administrator\\Desktop\\AI项目\\CONSENSUS\\node_modules\\chalk': 'C:\\Users\\Administrator\\Desktop\\AI项目\\CONSENSUS\\node_modules\\.chalk-Ft8Zdk9U',
251 silly reify   'C:\\Users\\Administrator\\Desktop\\AI项目\\CONSENSUS\\node_modules\\cliui': 'C:\\Users\\Administrator\\Desktop\\AI项目\\CONSENSUS\\node_modules\\.cliui-7ffrqWqK',
251 silly reify   'C:\\Users\\Administrator\\Desktop\\AI项目\\CONSENSUS\\node_modules\\chownr': 'C:\\Users\\Administrator\\Desktop\\AI项目\\CONSENSUS\\node_modules\\.chownr-ryi5Ojag',
251 silly reify   'C:\\Users\\Administrator\\Desktop\\AI项目\\CONSENSUS\\node_modules\\caniuse-lite': 'C:\\Users\\Administrator\\Desktop\\AI项目\\CONSENSUS\\node_modules\\.caniuse-lite-JNTJ0KMV',
251 silly reify   'C:\\Users\\Administrator\\Desktop\\AI项目\\CONSENSUS\\node_modules\\color-convert': 'C:\\Users\\Administrator\\Desktop\\AI项目\\CONSENSUS\\node_modules\\.color-convert-3iCyyL0F',
251 silly reify   'C:\\Users\\Administrator\\Desktop\\AI项目\\CONSENSUS\\node_modules\\color-name': 'C:\\Users\\Administrator\\Desktop\\AI项目\\CONSENSUS\\node_modules\\.color-name-S0HZ1Sqx',
251 silly reify   'C:\\Users\\Administrator\\Desktop\\AI项目\\CONSENSUS\\node_modules\\concurrently': 'C:\\Users\\Administrator\\Desktop\\AI项目\\CONSENSUS\\node_modules\\.concurrently-G4HkBGJA',
251 silly reify   'C:\\Users\\Administrator\\Desktop\\AI项目\\CONSENSUS\\node_modules\\content-type': 'C:\\Users\\Administrator\\Desktop\\AI项目\\CONSENSUS\\node_modules\\.content-type-kLBN0tOI',
251 silly reify   'C:\\Users\\Administrator\\Desktop\\AI项目\\CONSENSUS\\node_modules\\convert-source-map': 'C:\\Users\\Administrator\\Desktop\\AI项目\\CONSENSUS\\node_modules\\.convert-source-map-RI8iIPRo',
251 silly reify   'C:\\Users\\Administrator\\Desktop\\AI项目\\CONSENSUS\\node_modules\\content-disposition': 'C:\\Users\\Administrator\\Desktop\\AI项目\\CONSENSUS\\node_modules\\.content-disposition-uudWfFCs',
251 silly reify   'C:\\Users\\Administrator\\Desktop\\AI项目\\CONSENSUS\\node_modules\\cookie': 'C:\\Users\\Administrator\\Desktop\\AI项目\\CONSENSUS\\node_modules\\.cookie-3bnr26XD',
251 silly reify   'C:\\Users\\Administrator\\Desktop\\AI项目\\CONSENSUS\\node_modules\\cookie-signature': 'C:\\Users\\Administrator\\Desktop\\AI项目\\CONSENSUS\\node_modules\\.cookie-signature-1tpaHJM6',
251 silly reify   'C:\\Users\\Administrator\\Desktop\\AI项目\\CONSENSUS\\node_modules\\decompress-response': 'C:\\Users\\Administrator\\Desktop\\AI项目\\CONSENSUS\\node_modules\\.decompress-response-V1VnVtNG',
251 silly reify   'C:\\Users\\Administrator\\Desktop\\AI项目\\CONSENSUS\\node_modules\\debug': 'C:\\Users\\Administrator\\Desktop\\AI项目\\CONSENSUS\\node_modules\\.debug-BGYSpRyj',
251 silly reify   'C:\\Users\\Administrator\\Desktop\\AI项目\\CONSENSUS\\node_modules\\deep-extend': 'C:\\Users\\Administrator\\Desktop\\AI项目\\CONSENSUS\\node_modules\\.deep-extend-vBdJzfCx',
251 silly reify   'C:\\Users\\Administrator\\Desktop\\AI项目\\CONSENSUS\\node_modules\\destroy': 'C:\\Users\\Administrator\\Desktop\\AI项目\\CONSENSUS\\node_modules\\.destroy-U2x6TBcz',
251 silly reify   'C:\\Users\\Administrator\\Desktop\\AI项目\\CONSENSUS\\node_modules\\dunder-proto': 'C:\\Users\\Administrator\\Desktop\\AI项目\\CONSENSUS\\node_modules\\.dunder-proto-QAHbP4Nf',
251 silly reify   'C:\\Users\\Administrator\\Desktop\\AI项目\\CONSENSUS\\node_modules\\depd': 'C:\\Users\\Administrator\\Desktop\\AI项目\\CONSENSUS\\node_modules\\.depd-834UyYWH',
251 silly reify   'C:\\Users\\Administrator\\Desktop\\AI项目\\CONSENSUS\\node_modules\\electron-to-chromium': 'C:\\Users\\Administrator\\Desktop\\AI项目\\CONSENSUS\\node_modules\\.electron-to-chromium-YMzuyf5T',
251 silly reify   'C:\\Users\\Administrator\\Desktop\\AI项目\\CONSENSUS\\node_modules\\detect-libc': 'C:\\Users\\Administrator\\Desktop\\AI项目\\CONSENSUS\\node_modules\\.detect-libc-DeVEhK0H',
251 silly reify   'C:\\Users\\Administrator\\Desktop\\AI项目\\CONSENSUS\\node_modules\\end-of-stream': 'C:\\Users\\Administrator\\Desktop\\AI项目\\CONSENSUS\\node_modules\\.end-of-stream-ZneA82xh',
251 silly reify   'C:\\Users\\Administrator\\Desktop\\AI项目\\CONSENSUS\\node_modules\\emoji-regex': 'C:\\Users\\Administrator\\Desktop\\AI项目\\CONSENSUS\\node_modules\\.emoji-regex-7CPfrdQm',
251 silly reify   'C:\\Users\\Administrator\\Desktop\\AI项目\\CONSENSUS\\node_modules\\es-define-property': 'C:\\Users\\Administrator\\Desktop\\AI项目\\CONSENSUS\\node_modules\\.es-define-property-rBdP9Zny',
251 silly reify   'C:\\Users\\Administrator\\Desktop\\AI项目\\CONSENSUS\\node_modules\\ee-first': 'C:\\Users\\Administrator\\Desktop\\AI项目\\CONSENSUS\\node_modules\\.ee-first-f7hT9ny8',
251 silly reify   'C:\\Users\\Administrator\\Desktop\\AI项目\\CONSENSUS\\node_modules\\es-errors': 'C:\\Users\\Administrator\\Desktop\\AI项目\\CONSENSUS\\node_modules\\.es-errors-91smLAfZ',
251 silly reify   'C:\\Users\\Administrator\\Desktop\\AI项目\\CONSENSUS\\node_modules\\encodeurl': 'C:\\Users\\Administrator\\Desktop\\AI项目\\CONSENSUS\\node_modules\\.encodeurl-JjdDRyNl',
251 silly reify   'C:\\Users\\Administrator\\Desktop\\AI项目\\CONSENSUS\\node_modules\\esbuild': 'C:\\Users\\Administrator\\Desktop\\AI项目\\CONSENSUS\\node_modules\\.esbuild-siNNv7U4',
251 silly reify   'C:\\Users\\Administrator\\Desktop\\AI项目\\CONSENSUS\\node_modules\\es-object-atoms': 'C:\\Users\\Administrator\\Desktop\\AI项目\\CONSENSUS\\node_modules\\.es-object-atoms-aXwpABUd',
251 silly reify   'C:\\Users\\Administrator\\Desktop\\AI项目\\CONSENSUS\\node_modules\\etag': 'C:\\Users\\Administrator\\Desktop\\AI项目\\CONSENSUS\\node_modules\\.etag-GjlLNSPu',
251 silly reify   'C:\\Users\\Administrator\\Desktop\\AI项目\\CONSENSUS\\node_modules\\escalade': 'C:\\Users\\Administrator\\Desktop\\AI项目\\CONSENSUS\\node_modules\\.escalade-ApREYiUD',
251 silly reify   'C:\\Users\\Administrator\\Desktop\\AI项目\\CONSENSUS\\node_modules\\escape-html': 'C:\\Users\\Administrator\\Desktop\\AI项目\\CONSENSUS\\node_modules\\.escape-html-TSvoJUUH',
251 silly reify   'C:\\Users\\Administrator\\Desktop\\AI项目\\CONSENSUS\\node_modules\\file-uri-to-path': 'C:\\Users\\Administrator\\Desktop\\AI项目\\CONSENSUS\\node_modules\\.file-uri-to-path-7Wjiew9N',
251 silly reify   'C:\\Users\\Administrator\\Desktop\\AI项目\\CONSENSUS\\node_modules\\forwarded': 'C:\\Users\\Administrator\\Desktop\\AI项目\\CONSENSUS\\node_modules\\.forwarded-4AvN629Q',
251 silly reify   'C:\\Users\\Administrator\\Desktop\\AI项目\\CONSENSUS\\node_modules\\expand-template': 'C:\\Users\\Administrator\\Desktop\\AI项目\\CONSENSUS\\node_modules\\.expand-template-LXUQtSR3',
251 silly reify   'C:\\Users\\Administrator\\Desktop\\AI项目\\CONSENSUS\\node_modules\\express': 'C:\\Users\\Administrator\\Desktop\\AI项目\\CONSENSUS\\node_modules\\.express-q5oMplMW',
251 silly reify   'C:\\Users\\Administrator\\Desktop\\AI项目\\CONSENSUS\\node_modules\\finalhandler': 'C:\\Users\\Administrator\\Desktop\\AI项目\\CONSENSUS\\node_modules\\.finalhandler-F8HwAP6U',
251 silly reify   'C:\\Users\\Administrator\\Desktop\\AI项目\\CONSENSUS\\node_modules\\fs-constants': 'C:\\Users\\Administrator\\Desktop\\AI项目\\CONSENSUS\\node_modules\\.fs-constants-5vMDJ8pl',
251 silly reify   'C:\\Users\\Administrator\\Desktop\\AI项目\\CONSENSUS\\node_modules\\fresh': 'C:\\Users\\Administrator\\Desktop\\AI项目\\CONSENSUS\\node_modules\\.fresh-2tQuNjvT',
251 silly reify   'C:\\Users\\Administrator\\Desktop\\AI项目\\CONSENSUS\\node_modules\\fsevents': 'C:\\Users\\Administrator\\Desktop\\AI项目\\CONSENSUS\\node_modules\\.fsevents-gQeBUNHF',
251 silly reify   'C:\\Users\\Administrator\\Desktop\\AI项目\\CONSENSUS\\node_modules\\generator-function': 'C:\\Users\\Administrator\\Desktop\\AI项目\\CONSENSUS\\node_modules\\.generator-function-094JL6Ky',
251 silly reify   'C:\\Users\\Administrator\\Desktop\\AI项目\\CONSENSUS\\node_modules\\get-intrinsic': 'C:\\Users\\Administrator\\Desktop\\AI项目\\CONSENSUS\\node_modules\\.get-intrinsic-tv5uWWcB',
251 silly reify   'C:\\Users\\Administrator\\Desktop\\AI项目\\CONSENSUS\\node_modules\\function-bind': 'C:\\Users\\Administrator\\Desktop\\AI项目\\CONSENSUS\\node_modules\\.function-bind-HGpWO22F',
251 silly reify   'C:\\Users\\Administrator\\Desktop\\AI项目\\CONSENSUS\\node_modules\\gensync': 'C:\\Users\\Administrator\\Desktop\\AI项目\\CONSENSUS\\node_modules\\.gensync-iI3gkS53',
251 silly reify   'C:\\Users\\Administrator\\Desktop\\AI项目\\CONSENSUS\\node_modules\\github-from-package': 'C:\\Users\\Administrator\\Desktop\\AI项目\\CONSENSUS\\node_modules\\.github-from-package-LQDi7dth',
251 silly reify   'C:\\Users\\Administrator\\Desktop\\AI项目\\CONSENSUS\\node_modules\\get-caller-file': 'C:\\Users\\Administrator\\Desktop\\AI项目\\CONSENSUS\\node_modules\\.get-caller-file-J84XYV2C',
251 silly reify   'C:\\Users\\Administrator\\Desktop\\AI项目\\CONSENSUS\\node_modules\\get-proto': 'C:\\Users\\Administrator\\Desktop\\AI项目\\CONSENSUS\\node_modules\\.get-proto-g98qbJe3',
251 silly reify   'C:\\Users\\Administrator\\Desktop\\AI项目\\CONSENSUS\\node_modules\\gopd': 'C:\\Users\\Administrator\\Desktop\\AI项目\\CONSENSUS\\node_modules\\.gopd-0aWlTbac',
251 silly reify   'C:\\Users\\Administrator\\Desktop\\AI项目\\CONSENSUS\\node_modules\\has-symbols': 'C:\\Users\\Administrator\\Desktop\\AI项目\\CONSENSUS\\node_modules\\.has-symbols-O1Xegx1g',
251 silly reify   'C:\\Users\\Administrator\\Desktop\\AI项目\\CONSENSUS\\node_modules\\has-flag': 'C:\\Users\\Administrator\\Desktop\\AI项目\\CONSENSUS\\node_modules\\.has-flag-ITrIbYEE',
251 silly reify   'C:\\Users\\Administrator\\Desktop\\AI项目\\CONSENSUS\\node_modules\\hasown': 'C:\\Users\\Administrator\\Desktop\\AI项目\\CONSENSUS\\node_modules\\.hasown-PyapyaqD',
251 silly reify   'C:\\Users\\Administrator\\Desktop\\AI项目\\CONSENSUS\\node_modules\\http-errors': 'C:\\Users\\Administrator\\Desktop\\AI项目\\CONSENSUS\\node_modules\\.http-errors-AowkAF3e',
251 silly reify   'C:\\Users\\Administrator\\Desktop\\AI项目\\CONSENSUS\\node_modules\\inherits': 'C:\\Users\\Administrator\\Desktop\\AI项目\\CONSENSUS\\node_modules\\.inherits-hOh7PImt',
251 silly reify   'C:\\Users\\Administrator\\Desktop\\AI项目\\CONSENSUS\\node_modules\\iconv-lite': 'C:\\Users\\Administrator\\Desktop\\AI项目\\CONSENSUS\\node_modules\\.iconv-lite-DqUJfJAz',
251 silly reify   'C:\\Users\\Administrator\\Desktop\\AI项目\\CONSENSUS\\node_modules\\ipaddr.js': 'C:\\Users\\Administrator\\Desktop\\AI项目\\CONSENSUS\\node_modules\\.ipaddr.js-8R3rEWk9',
251 silly reify   'C:\\Users\\Administrator\\Desktop\\AI项目\\CONSENSUS\\node_modules\\ieee754': 'C:\\Users\\Administrator\\Desktop\\AI项目\\CONSENSUS\\node_modules\\.ieee754-fCrnrM3t',
251 silly reify   'C:\\Users\\Administrator\\Desktop\\AI项目\\CONSENSUS\\node_modules\\ini': 'C:\\Users\\Administrator\\Desktop\\AI项目\\CONSENSUS\\node_modules\\.ini-fuqlw3TM',
251 silly reify   'C:\\Users\\Administrator\\Desktop\\AI项目\\CONSENSUS\\node_modules\\is-fullwidth-code-point': 'C:\\Users\\Administrator\\Desktop\\AI项目\\CONSENSUS\\node_modules\\.is-fullwidth-code-point-G4KqKMan',
251 silly reify   'C:\\Users\\Administrator\\Desktop\\AI项目\\CONSENSUS\\node_modules\\jsesc': 'C:\\Users\\Administrator\\Desktop\\AI项目\\CONSENSUS\\node_modules\\.jsesc-wrHm01gb',
251 silly reify   'C:\\Users\\Administrator\\Desktop\\AI项目\\CONSENSUS\\node_modules\\js-tokens': 'C:\\Users\\Administrator\\Desktop\\AI项目\\CONSENSUS\\node_modules\\.js-tokens-We0t1pr2',
251 silly reify   'C:\\Users\\Administrator\\Desktop\\AI项目\\CONSENSUS\\node_modules\\json5': 'C:\\Users\\Administrator\\Desktop\\AI项目\\CONSENSUS\\node_modules\\.json5-6JuTUwVj',
251 silly reify   'C:\\Users\\Administrator\\Desktop\\AI项目\\CONSENSUS\\node_modules\\loose-envify': 'C:\\Users\\Administrator\\Desktop\\AI项目\\CONSENSUS\\node_modules\\.loose-envify-qi165faL',
251 silly reify   'C:\\Users\\Administrator\\Desktop\\AI项目\\CONSENSUS\\node_modules\\math-intrinsics': 'C:\\Users\\Administrator\\Desktop\\AI项目\\CONSENSUS\\node_modules\\.math-intrinsics-755jhiD2',
251 silly reify   'C:\\Users\\Administrator\\Desktop\\AI项目\\CONSENSUS\\node_modules\\lru-cache': 'C:\\Users\\Administrator\\Desktop\\AI项目\\CONSENSUS\\node_modules\\.lru-cache-riTh1SME',
251 silly reify   'C:\\Users\\Administrator\\Desktop\\AI项目\\CONSENSUS\\node_modules\\lucide-react': 'C:\\Users\\Administrator\\Desktop\\AI项目\\CONSENSUS\\node_modules\\.lucide-react-sO8yLeco',
251 silly reify   'C:\\Users\\Administrator\\Desktop\\AI项目\\CONSENSUS\\node_modules\\merge-descriptors': 'C:\\Users\\Administrator\\Desktop\\AI项目\\CONSENSUS\\node_modules\\.merge-descriptors-J3Df5t09',
251 silly reify   'C:\\Users\\Administrator\\Desktop\\AI项目\\CONSENSUS\\node_modules\\media-typer': 'C:\\Users\\Administrator\\Desktop\\AI项目\\CONSENSUS\\node_modules\\.media-typer-Vih6YgpW',
251 silly reify   'C:\\Users\\Administrator\\Desktop\\AI项目\\CONSENSUS\\node_modules\\mime-db': 'C:\\Users\\Administrator\\Desktop\\AI项目\\CONSENSUS\\node_modules\\.mime-db-QNOGkKL4',
251 silly reify   'C:\\Users\\Administrator\\Desktop\\AI项目\\CONSENSUS\\node_modules\\methods': 'C:\\Users\\Administrator\\Desktop\\AI项目\\CONSENSUS\\node_modules\\.methods-FEW5LDFR',
251 silly reify   'C:\\Users\\Administrator\\Desktop\\AI项目\\CONSENSUS\\node_modules\\mimic-response': 'C:\\Users\\Administrator\\Desktop\\AI项目\\CONSENSUS\\node_modules\\.mimic-response-GxR8w6I4',
251 silly reify   'C:\\Users\\Administrator\\Desktop\\AI项目\\CONSENSUS\\node_modules\\mime': 'C:\\Users\\Administrator\\Desktop\\AI项目\\CONSENSUS\\node_modules\\.mime-6wBEVBqh',
251 silly reify   'C:\\Users\\Administrator\\Desktop\\AI项目\\CONSENSUS\\node_modules\\minimist': 'C:\\Users\\Administrator\\Desktop\\AI项目\\CONSENSUS\\node_modules\\.minimist-BJXdFSt9',
251 silly reify   'C:\\Users\\Administrator\\Desktop\\AI项目\\CONSENSUS\\node_modules\\mime-types': 'C:\\Users\\Administrator\\Desktop\\AI项目\\CONSENSUS\\node_modules\\.mime-types-toZa63Lp',
251 silly reify   'C:\\Users\\Administrator\\Desktop\\AI项目\\CONSENSUS\\node_modules\\ms': 'C:\\Users\\Administrator\\Desktop\\AI项目\\CONSENSUS\\node_modules\\.ms-Yyiaxy0I',
251 silly reify   'C:\\Users\\Administrator\\Desktop\\AI项目\\CONSENSUS\\node_modules\\mkdirp-classic': 'C:\\Users\\Administrator\\Desktop\\AI项目\\CONSENSUS\\node_modules\\.mkdirp-classic-RTVILD0G',
251 silly reify   'C:\\Users\\Administrator\\Desktop\\AI项目\\CONSENSUS\\node_modules\\nanoid': 'C:\\Users\\Administrator\\Desktop\\AI项目\\CONSENSUS\\node_modules\\.nanoid-CFFXh3PH',
251 silly reify   'C:\\Users\\Administrator\\Desktop\\AI项目\\CONSENSUS\\node_modules\\negotiator': 'C:\\Users\\Administrator\\Desktop\\AI项目\\CONSENSUS\\node_modules\\.negotiator-VpYkSeUi',
251 silly reify   'C:\\Users\\Administrator\\Desktop\\AI项目\\CONSENSUS\\node_modules\\napi-build-utils': 'C:\\Users\\Administrator\\Desktop\\AI项目\\CONSENSUS\\node_modules\\.napi-build-utils-WLuyeeCM',
251 silly reify   'C:\\Users\\Administrator\\Desktop\\AI项目\\CONSENSUS\\node_modules\\node-releases': 'C:\\Users\\Administrator\\Desktop\\AI项目\\CONSENSUS\\node_modules\\.node-releases-4uFqUmHz',
251 silly reify   'C:\\Users\\Administrator\\Desktop\\AI项目\\CONSENSUS\\node_modules\\once': 'C:\\Users\\Administrator\\Desktop\\AI项目\\CONSENSUS\\node_modules\\.once-juBfyEZb',
251 silly reify   'C:\\Users\\Administrator\\Desktop\\AI项目\\CONSENSUS\\node_modules\\node-abi': 'C:\\Users\\Administrator\\Desktop\\AI项目\\CONSENSUS\\node_modules\\.node-abi-bjDMEHDi',
251 silly reify   'C:\\Users\\Administrator\\Desktop\\AI项目\\CONSENSUS\\node_modules\\object-inspect': 'C:\\Users\\Administrator\\Desktop\\AI项目\\CONSENSUS\\node_modules\\.object-inspect-j4WV70s9',
251 silly reify   'C:\\Users\\Administrator\\Desktop\\AI项目\\CONSENSUS\\node_modules\\path-to-regexp': 'C:\\Users\\Administrator\\Desktop\\AI项目\\CONSENSUS\\node_modules\\.path-to-regexp-v9sW4IeR',
251 silly reify   'C:\\Users\\Administrator\\Desktop\\AI项目\\CONSENSUS\\node_modules\\parseurl': 'C:\\Users\\Administrator\\Desktop\\AI项目\\CONSENSUS\\node_modules\\.parseurl-xRUOXf6D',
251 silly reify   'C:\\Users\\Administrator\\Desktop\\AI项目\\CONSENSUS\\node_modules\\on-finished': 'C:\\Users\\Administrator\\Desktop\\AI项目\\CONSENSUS\\node_modules\\.on-finished-06c7Lw9H',
251 silly reify   'C:\\Users\\Administrator\\Desktop\\AI项目\\CONSENSUS\\node_modules\\prebuild-install': 'C:\\Users\\Administrator\\Desktop\\AI项目\\CONSENSUS\\node_modules\\.prebuild-install-E04nndpZ',
251 silly reify   'C:\\Users\\Administrator\\Desktop\\AI项目\\CONSENSUS\\node_modules\\postcss': 'C:\\Users\\Administrator\\Desktop\\AI项目\\CONSENSUS\\node_modules\\.postcss-AwdF1CBU',
251 silly reify   'C:\\Users\\Administrator\\Desktop\\AI项目\\CONSENSUS\\node_modules\\picocolors': 'C:\\Users\\Administrator\\Desktop\\AI项目\\CONSENSUS\\node_modules\\.picocolors-GxfVoXaH',
251 silly reify   'C:\\Users\\Administrator\\Desktop\\AI项目\\CONSENSUS\\node_modules\\pump': 'C:\\Users\\Administrator\\Desktop\\AI项目\\CONSENSUS\\node_modules\\.pump-fCZKVKdh',
251 silly reify   'C:\\Users\\Administrator\\Desktop\\AI项目\\CONSENSUS\\node_modules\\raw-body': 'C:\\Users\\Administrator\\Desktop\\AI项目\\CONSENSUS\\node_modules\\.raw-body-K1otZpk7',
251 silly reify   'C:\\Users\\Administrator\\Desktop\\AI项目\\CONSENSUS\\node_modules\\proxy-addr': 'C:\\Users\\Administrator\\Desktop\\AI项目\\CONSENSUS\\node_modules\\.proxy-addr-Zl2njJTR',
251 silly reify   'C:\\Users\\Administrator\\Desktop\\AI项目\\CONSENSUS\\node_modules\\qs': 'C:\\Users\\Administrator\\Desktop\\AI项目\\CONSENSUS\\node_modules\\.qs-6sCtiA6J',
251 silly reify   'C:\\Users\\Administrator\\Desktop\\AI项目\\CONSENSUS\\node_modules\\react': 'C:\\Users\\Administrator\\Desktop\\AI项目\\CONSENSUS\\node_modules\\.react-mXVOaTJr',
251 silly reify   'C:\\Users\\Administrator\\Desktop\\AI项目\\CONSENSUS\\node_modules\\range-parser': 'C:\\Users\\Administrator\\Desktop\\AI项目\\CONSENSUS\\node_modules\\.range-parser-Ldxq09Tj',
251 silly reify   'C:\\Users\\Administrator\\Desktop\\AI项目\\CONSENSUS\\node_modules\\rc': 'C:\\Users\\Administrator\\Desktop\\AI项目\\CONSENSUS\\node_modules\\.rc-nWmafM3S',
251 silly reify   'C:\\Users\\Administrator\\Desktop\\AI项目\\CONSENSUS\\node_modules\\readable-stream': 'C:\\Users\\Administrator\\Desktop\\AI项目\\CONSENSUS\\node_modules\\.readable-stream-RvmgReGG',
251 silly reify   'C:\\Users\\Administrator\\Desktop\\AI项目\\CONSENSUS\\node_modules\\react-refresh': 'C:\\Users\\Administrator\\Desktop\\AI项目\\CONSENSUS\\node_modules\\.react-refresh-cFAEJGSd',
251 silly reify   'C:\\Users\\Administrator\\Desktop\\AI项目\\CONSENSUS\\node_modules\\react-dom': 'C:\\Users\\Administrator\\Desktop\\AI项目\\CONSENSUS\\node_modules\\.react-dom-9LmUksJl',
251 silly reify   'C:\\Users\\Administrator\\Desktop\\AI项目\\CONSENSUS\\node_modules\\rollup': 'C:\\Users\\Administrator\\Desktop\\AI项目\\CONSENSUS\\node_modules\\.rollup-aQ8ZKzzF',
251 silly reify   'C:\\Users\\Administrator\\Desktop\\AI项目\\CONSENSUS\\node_modules\\safer-buffer': 'C:\\Users\\Administrator\\Desktop\\AI项目\\CONSENSUS\\node_modules\\.safer-buffer-hNAySHh7',
251 silly reify   'C:\\Users\\Administrator\\Desktop\\AI项目\\CONSENSUS\\node_modules\\require-directory': 'C:\\Users\\Administrator\\Desktop\\AI项目\\CONSENSUS\\node_modules\\.require-directory-RLWVmqIl',
251 silly reify   'C:\\Users\\Administrator\\Desktop\\AI项目\\CONSENSUS\\node_modules\\safe-buffer': 'C:\\Users\\Administrator\\Desktop\\AI项目\\CONSENSUS\\node_modules\\.safe-buffer-SegKybwM',
251 silly reify   'C:\\Users\\Administrator\\Desktop\\AI项目\\CONSENSUS\\node_modules\\rxjs': 'C:\\Users\\Administrator\\Desktop\\AI项目\\CONSENSUS\\node_modules\\.rxjs-x8KejfLL',
251 silly reify   'C:\\Users\\Administrator\\Desktop\\AI项目\\CONSENSUS\\node_modules\\semver': 'C:\\Users\\Administrator\\Desktop\\AI项目\\CONSENSUS\\node_modules\\.semver-om2wG9IB',
251 silly reify   'C:\\Users\\Administrator\\Desktop\\AI项目\\CONSENSUS\\node_modules\\scheduler': 'C:\\Users\\Administrator\\Desktop\\AI项目\\CONSENSUS\\node_modules\\.scheduler-OXICNyn8',
251 silly reify   'C:\\Users\\Administrator\\Desktop\\AI项目\\CONSENSUS\\node_modules\\send': 'C:\\Users\\Administrator\\Desktop\\AI项目\\CONSENSUS\\node_modules\\.send-Bte0szOl',
251 silly reify   'C:\\Users\\Administrator\\Desktop\\AI项目\\CONSENSUS\\node_modules\\serve-static': 'C:\\Users\\Administrator\\Desktop\\AI项目\\CONSENSUS\\node_modules\\.serve-static-StlDRyAW',
251 silly reify   'C:\\Users\\Administrator\\Desktop\\AI项目\\CONSENSUS\\node_modules\\shell-quote': 'C:\\Users\\Administrator\\Desktop\\AI项目\\CONSENSUS\\node_modules\\.shell-quote-Ev6IVwkb',
251 silly reify   'C:\\Users\\Administrator\\Desktop\\AI项目\\CONSENSUS\\node_modules\\setprototypeof': 'C:\\Users\\Administrator\\Desktop\\AI项目\\CONSENSUS\\node_modules\\.setprototypeof-dWCK2W9O',
251 silly reify   'C:\\Users\\Administrator\\Desktop\\AI项目\\CONSENSUS\\node_modules\\side-channel-list': 'C:\\Users\\Administrator\\Desktop\\AI项目\\CONSENSUS\\node_modules\\.side-channel-list-qdp8TtqB',
251 silly reify   'C:\\Users\\Administrator\\Desktop\\AI项目\\CONSENSUS\\node_modules\\simple-concat': 'C:\\Users\\Administrator\\Desktop\\AI项目\\CONSENSUS\\node_modules\\.simple-concat-PCByCxyf',
251 silly reify   'C:\\Users\\Administrator\\Desktop\\AI项目\\CONSENSUS\\node_modules\\side-channel': 'C:\\Users\\Administrator\\Desktop\\AI项目\\CONSENSUS\\node_modules\\.side-channel-3zUVyTwd',
251 silly reify   'C:\\Users\\Administrator\\Desktop\\AI项目\\CONSENSUS\\node_modules\\side-channel-map': 'C:\\Users\\Administrator\\Desktop\\AI项目\\CONSENSUS\\node_modules\\.side-channel-map-6l0GEqeu',
251 silly reify   'C:\\Users\\Administrator\\Desktop\\AI项目\\CONSENSUS\\node_modules\\side-channel-weakmap': 'C:\\Users\\Administrator\\Desktop\\AI项目\\CONSENSUS\\node_modules\\.side-channel-weakmap-VPDYyHpA',
251 silly reify   'C:\\Users\\Administrator\\Desktop\\AI项目\\CONSENSUS\\node_modules\\source-map-js': 'C:\\Users\\Administrator\\Desktop\\AI项目\\CONSENSUS\\node_modules\\.source-map-js-8uKQCawN',
251 silly reify   'C:\\Users\\Administrator\\Desktop\\AI项目\\CONSENSUS\\node_modules\\simple-get': 'C:\\Users\\Administrator\\Desktop\\AI项目\\CONSENSUS\\node_modules\\.simple-get-IOlxZVm1',
251 silly reify   'C:\\Users\\Administrator\\Desktop\\AI项目\\CONSENSUS\\node_modules\\string_decoder': 'C:\\Users\\Administrator\\Desktop\\AI项目\\CONSENSUS\\node_modules\\.string_decoder-YnCtOvpi',
251 silly reify   'C:\\Users\\Administrator\\Desktop\\AI项目\\CONSENSUS\\node_modules\\statuses': 'C:\\Users\\Administrator\\Desktop\\AI项目\\CONSENSUS\\node_modules\\.statuses-22cHCAOJ',
251 silly reify   'C:\\Users\\Administrator\\Desktop\\AI项目\\CONSENSUS\\node_modules\\string-width': 'C:\\Users\\Administrator\\Desktop\\AI项目\\CONSENSUS\\node_modules\\.string-width-6eJoUkGr',
251 silly reify   'C:\\Users\\Administrator\\Desktop\\AI项目\\CONSENSUS\\node_modules\\strip-json-comments': 'C:\\Users\\Administrator\\Desktop\\AI项目\\CONSENSUS\\node_modules\\.strip-json-comments-V9LIG932',
251 silly reify   'C:\\Users\\Administrator\\Desktop\\AI项目\\CONSENSUS\\node_modules\\supports-color': 'C:\\Users\\Administrator\\Desktop\\AI项目\\CONSENSUS\\node_modules\\.supports-color-E4l2wWK7',
251 silly reify   'C:\\Users\\Administrator\\Desktop\\AI项目\\CONSENSUS\\node_modules\\strip-ansi': 'C:\\Users\\Administrator\\Desktop\\AI项目\\CONSENSUS\\node_modules\\.strip-ansi-DC7d1jde',
251 silly reify   'C:\\Users\\Administrator\\Desktop\\AI项目\\CONSENSUS\\node_modules\\tree-kill': 'C:\\Users\\Administrator\\Desktop\\AI项目\\CONSENSUS\\node_modules\\.tree-kill-KT5xZTQY',
251 silly reify   'C:\\Users\\Administrator\\Desktop\\AI项目\\CONSENSUS\\node_modules\\tar-fs': 'C:\\Users\\Administrator\\Desktop\\AI项目\\CONSENSUS\\node_modules\\.tar-fs-UlzKALqX',
251 silly reify   'C:\\Users\\Administrator\\Desktop\\AI项目\\CONSENSUS\\node_modules\\tar-stream': 'C:\\Users\\Administrator\\Desktop\\AI项目\\CONSENSUS\\node_modules\\.tar-stream-A6erF88t',
251 silly reify   'C:\\Users\\Administrator\\Desktop\\AI项目\\CONSENSUS\\node_modules\\tunnel-agent': 'C:\\Users\\Administrator\\Desktop\\AI项目\\CONSENSUS\\node_modules\\.tunnel-agent-EFRxLkge',
251 silly reify   'C:\\Users\\Administrator\\Desktop\\AI项目\\CONSENSUS\\node_modules\\type-is': 'C:\\Users\\Administrator\\Desktop\\AI项目\\CONSENSUS\\node_modules\\.type-is-sMKyjg4e',
251 silly reify   'C:\\Users\\Administrator\\Desktop\\AI项目\\CONSENSUS\\node_modules\\unpipe': 'C:\\Users\\Administrator\\Desktop\\AI项目\\CONSENSUS\\node_modules\\.unpipe-to4UVQAm',
251 silly reify   'C:\\Users\\Administrator\\Desktop\\AI项目\\CONSENSUS\\node_modules\\update-browserslist-db': 'C:\\Users\\Administrator\\Desktop\\AI项目\\CONSENSUS\\node_modules\\.update-browserslist-db-pIyIEDyM',
251 silly reify   'C:\\Users\\Administrator\\Desktop\\AI项目\\CONSENSUS\\node_modules\\util-deprecate': 'C:\\Users\\Administrator\\Desktop\\AI项目\\CONSENSUS\\node_modules\\.util-deprecate-FUYrZMND',
251 silly reify   'C:\\Users\\Administrator\\Desktop\\AI项目\\CONSENSUS\\node_modules\\utils-merge': 'C:\\Users\\Administrator\\Desktop\\AI项目\\CONSENSUS\\node_modules\\.utils-merge-vPBQGzsc',
251 silly reify   'C:\\Users\\Administrator\\Desktop\\AI项目\\CONSENSUS\\node_modules\\vite': 'C:\\Users\\Administrator\\Desktop\\AI项目\\CONSENSUS\\node_modules\\.vite-Vuvj8hIM',
251 silly reify   'C:\\Users\\Administrator\\Desktop\\AI项目\\CONSENSUS\\node_modules\\vary': 'C:\\Users\\Administrator\\Desktop\\AI项目\\CONSENSUS\\node_modules\\.vary-KtfsfWnS',
251 silly reify   'C:\\Users\\Administrator\\Desktop\\AI项目\\CONSENSUS\\node_modules\\wrap-ansi': 'C:\\Users\\Administrator\\Desktop\\AI项目\\CONSENSUS\\node_modules\\.wrap-ansi-pZASuMaS',
251 silly reify   'C:\\Users\\Administrator\\Desktop\\AI项目\\CONSENSUS\\node_modules\\wrappy': 'C:\\Users\\Administrator\\Desktop\\AI项目\\CONSENSUS\\node_modules\\.wrappy-cql8ozQ1',
251 silly reify   'C:\\Users\\Administrator\\Desktop\\AI项目\\CONSENSUS\\node_modules\\ws': 'C:\\Users\\Administrator\\Desktop\\AI项目\\CONSENSUS\\node_modules\\.ws-5lUlQGWr',
251 silly reify   'C:\\Users\\Administrator\\Desktop\\AI项目\\CONSENSUS\\node_modules\\y18n': 'C:\\Users\\Administrator\\Desktop\\AI项目\\CONSENSUS\\node_modules\\.y18n-ce3gMOsb',
251 silly reify   'C:\\Users\\Administrator\\Desktop\\AI项目\\CONSENSUS\\node_modules\\yallist': 'C:\\Users\\Administrator\\Desktop\\AI项目\\CONSENSUS\\node_modules\\.yallist-UNmAOPRT',
251 silly reify   'C:\\Users\\Administrator\\Desktop\\AI项目\\CONSENSUS\\node_modules\\yargs': 'C:\\Users\\Administrator\\Desktop\\AI项目\\CONSENSUS\\node_modules\\.yargs-yA0AcZ1p',
251 silly reify   'C:\\Users\\Administrator\\Desktop\\AI项目\\CONSENSUS\\node_modules\\yargs-parser': 'C:\\Users\\Administrator\\Desktop\\AI项目\\CONSENSUS\\node_modules\\.yargs-parser-OEnivTce',
251 silly reify   'C:\\Users\\Administrator\\Desktop\\AI项目\\CONSENSUS\\node_modules\\tslib': 'C:\\Users\\Administrator\\Desktop\\AI项目\\CONSENSUS\\node_modules\\.tslib-b029R2oN',
251 silly reify   'C:\\Users\\Administrator\\Desktop\\AI项目\\CONSENSUS\\node_modules\\toidentifier': 'C:\\Users\\Administrator\\Desktop\\AI项目\\CONSENSUS\\node_modules\\.toidentifier-cgwJxyvJ',
251 silly reify   'C:\\Users\\Administrator\\Desktop\\AI项目\\CONSENSUS\\node_modules\\@babel\\code-frame': 'C:\\Users\\Administrator\\Desktop\\AI项目\\CONSENSUS\\node_modules\\@babel\\.code-frame-1NC62i0p',
251 silly reify   'C:\\Users\\Administrator\\Desktop\\AI项目\\CONSENSUS\\node_modules\\@babel\\generator': 'C:\\Users\\Administrator\\Desktop\\AI项目\\CONSENSUS\\node_modules\\@babel\\.generator-fXARYoAA',
251 silly reify   'C:\\Users\\Administrator\\Desktop\\AI项目\\CONSENSUS\\node_modules\\@babel\\compat-data': 'C:\\Users\\Administrator\\Desktop\\AI项目\\CONSENSUS\\node_modules\\@babel\\.compat-data-CWgt1af3',
251 silly reify   'C:\\Users\\Administrator\\Desktop\\AI项目\\CONSENSUS\\node_modules\\@babel\\core': 'C:\\Users\\Administrator\\Desktop\\AI项目\\CONSENSUS\\node_modules\\@babel\\.core-dNtpCpJO',
251 silly reify   'C:\\Users\\Administrator\\Desktop\\AI项目\\CONSENSUS\\node_modules\\@babel\\helper-globals': 'C:\\Users\\Administrator\\Desktop\\AI项目\\CONSENSUS\\node_modules\\@babel\\.helper-globals-LfZlejBm',
251 silly reify   'C:\\Users\\Administrator\\Desktop\\AI项目\\CONSENSUS\\node_modules\\@babel\\helper-module-transforms': 'C:\\Users\\Administrator\\Desktop\\AI项目\\CONSENSUS\\node_modules\\@babel\\.helper-module-transforms-4Vxd6NWO',
251 silly reify   'C:\\Users\\Administrator\\Desktop\\AI项目\\CONSENSUS\\node_modules\\@babel\\helper-module-imports': 'C:\\Users\\Administrator\\Desktop\\AI项目\\CONSENSUS\\node_modules\\@babel\\.helper-module-imports-jeHUNGds',
251 silly reify   'C:\\Users\\Administrator\\Desktop\\AI项目\\CONSENSUS\\node_modules\\@babel\\helper-string-parser': 'C:\\Users\\Administrator\\Desktop\\AI项目\\CONSENSUS\\node_modules\\@babel\\.helper-string-parser-MFJwhEVd',
251 silly reify   'C:\\Users\\Administrator\\Desktop\\AI项目\\CONSENSUS\\node_modules\\@babel\\helper-compilation-targets': 'C:\\Users\\Administrator\\Desktop\\AI项目\\CONSENSUS\\node_modules\\@babel\\.helper-compilation-targets-AOxg3wDy',
251 silly reify   'C:\\Users\\Administrator\\Desktop\\AI项目\\CONSENSUS\\node_modules\\@babel\\helpers': 'C:\\Users\\Administrator\\Desktop\\AI项目\\CONSENSUS\\node_modules\\@babel\\.helpers-zvrstKEs',
251 silly reify   'C:\\Users\\Administrator\\Desktop\\AI项目\\CONSENSUS\\node_modules\\@babel\\helper-plugin-utils': 'C:\\Users\\Administrator\\Desktop\\AI项目\\CONSENSUS\\node_modules\\@babel\\.helper-plugin-utils-yWrFVWeW',
251 silly reify   'C:\\Users\\Administrator\\Desktop\\AI项目\\CONSENSUS\\node_modules\\@babel\\helper-validator-identifier': 'C:\\Users\\Administrator\\Desktop\\AI项目\\CONSENSUS\\node_modules\\@babel\\.helper-validator-identifier-TIPfn6b3',
251 silly reify   'C:\\Users\\Administrator\\Desktop\\AI项目\\CONSENSUS\\node_modules\\@babel\\parser': 'C:\\Users\\Administrator\\Desktop\\AI项目\\CONSENSUS\\node_modules\\@babel\\.parser-k9NO3ZeA',
251 silly reify   'C:\\Users\\Administrator\\Desktop\\AI项目\\CONSENSUS\\node_modules\\@babel\\helper-validator-option': 'C:\\Users\\Administrator\\Desktop\\AI项目\\CONSENSUS\\node_modules\\@babel\\.helper-validator-option-LK0wlfla',
251 silly reify   'C:\\Users\\Administrator\\Desktop\\AI项目\\CONSENSUS\\node_modules\\@babel\\template': 'C:\\Users\\Administrator\\Desktop\\AI项目\\CONSENSUS\\node_modules\\@babel\\.template-LjpA4ySf',
251 silly reify   'C:\\Users\\Administrator\\Desktop\\AI项目\\CONSENSUS\\node_modules\\@babel\\plugin-transform-react-jsx-source': 'C:\\Users\\Administrator\\Desktop\\AI项目\\CONSENSUS\\node_modules\\@babel\\.plugin-transform-react-jsx-source-9FCR2xYn',
251 silly reify   'C:\\Users\\Administrator\\Desktop\\AI项目\\CONSENSUS\\node_modules\\@babel\\plugin-transform-react-jsx-self': 'C:\\Users\\Administrator\\Desktop\\AI项目\\CONSENSUS\\node_modules\\@babel\\.plugin-transform-react-jsx-self-SpWuMN9b',
251 silly reify   'C:\\Users\\Administrator\\Desktop\\AI项目\\CONSENSUS\\node_modules\\@babel\\types': 'C:\\Users\\Administrator\\Desktop\\AI项目\\CONSENSUS\\node_modules\\@babel\\.types-Hlj8n0K3',
251 silly reify   'C:\\Users\\Administrator\\Desktop\\AI项目\\CONSENSUS\\node_modules\\@babel\\traverse': 'C:\\Users\\Administrator\\Desktop\\AI项目\\CONSENSUS\\node_modules\\@babel\\.traverse-sa4f3g0j',
251 silly reify   'C:\\Users\\Administrator\\Desktop\\AI项目\\CONSENSUS\\node_modules\\@esbuild\\android-arm64': 'C:\\Users\\Administrator\\Desktop\\AI项目\\CONSENSUS\\node_modules\\@esbuild\\.android-arm64-6GhNlhLz',
251 silly reify   'C:\\Users\\Administrator\\Desktop\\AI项目\\CONSENSUS\\node_modules\\@esbuild\\android-arm': 'C:\\Users\\Administrator\\Desktop\\AI项目\\CONSENSUS\\node_modules\\@esbuild\\.android-arm-H8MWKsIX',
251 silly reify   'C:\\Users\\Administrator\\Desktop\\AI项目\\CONSENSUS\\node_modules\\@esbuild\\aix-ppc64': 'C:\\Users\\Administrator\\Desktop\\AI项目\\CONSENSUS\\node_modules\\@esbuild\\.aix-ppc64-InTZVFSk',
251 silly reify   'C:\\Users\\Administrator\\Desktop\\AI项目\\CONSENSUS\\node_modules\\@esbuild\\darwin-arm64': 'C:\\Users\\Administrator\\Desktop\\AI项目\\CONSENSUS\\node_modules\\@esbuild\\.darwin-arm64-wXRCxPQa',
251 silly reify   'C:\\Users\\Administrator\\Desktop\\AI项目\\CONSENSUS\\node_modules\\@esbuild\\android-x64': 'C:\\Users\\Administrator\\Desktop\\AI项目\\CONSENSUS\\node_modules\\@esbuild\\.android-x64-97tcgvYU',
251 silly reify   'C:\\Users\\Administrator\\Desktop\\AI项目\\CONSENSUS\\node_modules\\@esbuild\\darwin-x64': 'C:\\Users\\Administrator\\Desktop\\AI项目\\CONSENSUS\\node_modules\\@esbuild\\.darwin-x64-apgOVJkd',
251 silly reify   'C:\\Users\\Administrator\\Desktop\\AI项目\\CONSENSUS\\node_modules\\@esbuild\\freebsd-x64': 'C:\\Users\\Administrator\\Desktop\\AI项目\\CONSENSUS\\node_modules\\@esbuild\\.freebsd-x64-HIcki2aR',
251 silly reify   'C:\\Users\\Administrator\\Desktop\\AI项目\\CONSENSUS\\node_modules\\@esbuild\\linux-arm64': 'C:\\Users\\Administrator\\Desktop\\AI项目\\CONSENSUS\\node_modules\\@esbuild\\.linux-arm64-uNzKZKaK',
251 silly reify   'C:\\Users\\Administrator\\Desktop\\AI项目\\CONSENSUS\\node_modules\\@esbuild\\linux-arm': 'C:\\Users\\Administrator\\Desktop\\AI项目\\CONSENSUS\\node_modules\\@esbuild\\.linux-arm-u6C1g029',
251 silly reify   'C:\\Users\\Administrator\\Desktop\\AI项目\\CONSENSUS\\node_modules\\@esbuild\\freebsd-arm64': 'C:\\Users\\Administrator\\Desktop\\AI项目\\CONSENSUS\\node_modules\\@esbuild\\.freebsd-arm64-4BI65hlF',
251 silly reify   'C:\\Users\\Administrator\\Desktop\\AI项目\\CONSENSUS\\node_modules\\@esbuild\\linux-mips64el': 'C:\\Users\\Administrator\\Desktop\\AI项目\\CONSENSUS\\node_modules\\@esbuild\\.linux-mips64el-SHgoo5at',
251 silly reify   'C:\\Users\\Administrator\\Desktop\\AI项目\\CONSENSUS\\node_modules\\@esbuild\\linux-loong64': 'C:\\Users\\Administrator\\Desktop\\AI项目\\CONSENSUS\\node_modules\\@esbuild\\.linux-loong64-kR4OZD5v',
251 silly reify   'C:\\Users\\Administrator\\Desktop\\AI项目\\CONSENSUS\\node_modules\\@esbuild\\linux-riscv64': 'C:\\Users\\Administrator\\Desktop\\AI项目\\CONSENSUS\\node_modules\\@esbuild\\.linux-riscv64-fIC4jmh8',
251 silly reify   'C:\\Users\\Administrator\\Desktop\\AI项目\\CONSENSUS\\node_modules\\@esbuild\\linux-ia32': 'C:\\Users\\Administrator\\Desktop\\AI项目\\CONSENSUS\\node_modules\\@esbuild\\.linux-ia32-GBl6jCZS',
251 silly reify   'C:\\Users\\Administrator\\Desktop\\AI项目\\CONSENSUS\\node_modules\\@esbuild\\linux-ppc64': 'C:\\Users\\Administrator\\Desktop\\AI项目\\CONSENSUS\\node_modules\\@esbuild\\.linux-ppc64-isIR5ogp',
251 silly reify   'C:\\Users\\Administrator\\Desktop\\AI项目\\CONSENSUS\\node_modules\\@esbuild\\linux-s390x': 'C:\\Users\\Administrator\\Desktop\\AI项目\\CONSENSUS\\node_modules\\@esbuild\\.linux-s390x-L7Wr8sZJ',
251 silly reify   'C:\\Users\\Administrator\\Desktop\\AI项目\\CONSENSUS\\node_modules\\@esbuild\\netbsd-x64': 'C:\\Users\\Administrator\\Desktop\\AI项目\\CONSENSUS\\node_modules\\@esbuild\\.netbsd-x64-cMby6UmV',
251 silly reify   'C:\\Users\\Administrator\\Desktop\\AI项目\\CONSENSUS\\node_modules\\@esbuild\\linux-x64': 'C:\\Users\\Administrator\\Desktop\\AI项目\\CONSENSUS\\node_modules\\@esbuild\\.linux-x64-kOFjJFSM',
251 silly reify   'C:\\Users\\Administrator\\Desktop\\AI项目\\CONSENSUS\\node_modules\\@esbuild\\sunos-x64': 'C:\\Users\\Administrator\\Desktop\\AI项目\\CONSENSUS\\node_modules\\@esbuild\\.sunos-x64-VLEsQYnB',
251 silly reify   'C:\\Users\\Administrator\\Desktop\\AI项目\\CONSENSUS\\node_modules\\@esbuild\\win32-x64': 'C:\\Users\\Administrator\\Desktop\\AI项目\\CONSENSUS\\node_modules\\@esbuild\\.win32-x64-QSdKAaNb',
251 silly reify   'C:\\Users\\Administrator\\Desktop\\AI项目\\CONSENSUS\\node_modules\\@esbuild\\openbsd-x64': 'C:\\Users\\Administrator\\Desktop\\AI项目\\CONSENSUS\\node_modules\\@esbuild\\.openbsd-x64-StBirkx4',
251 silly reify   'C:\\Users\\Administrator\\Desktop\\AI项目\\CONSENSUS\\node_modules\\@esbuild\\win32-arm64': 'C:\\Users\\Administrator\\Desktop\\AI项目\\CONSENSUS\\node_modules\\@esbuild\\.win32-arm64-jvkrABie',
251 silly reify   'C:\\Users\\Administrator\\Desktop\\AI项目\\CONSENSUS\\node_modules\\@esbuild\\win32-ia32': 'C:\\Users\\Administrator\\Desktop\\AI项目\\CONSENSUS\\node_modules\\@esbuild\\.win32-ia32-bXZG23hh',
251 silly reify   'C:\\Users\\Administrator\\Desktop\\AI项目\\CONSENSUS\\node_modules\\@jridgewell\\remapping': 'C:\\Users\\Administrator\\Desktop\\AI项目\\CONSENSUS\\node_modules\\@jridgewell\\.remapping-NMopSdrN',
251 silly reify   'C:\\Users\\Administrator\\Desktop\\AI项目\\CONSENSUS\\node_modules\\@jridgewell\\trace-mapping': 'C:\\Users\\Administrator\\Desktop\\AI项目\\CONSENSUS\\node_modules\\@jridgewell\\.trace-mapping-W31zlkAN',
251 silly reify   'C:\\Users\\Administrator\\Desktop\\AI项目\\CONSENSUS\\node_modules\\@jridgewell\\gen-mapping': 'C:\\Users\\Administrator\\Desktop\\AI项目\\CONSENSUS\\node_modules\\@jridgewell\\.gen-mapping-87Ldacnr',
251 silly reify   'C:\\Users\\Administrator\\Desktop\\AI项目\\CONSENSUS\\node_modules\\@jridgewell\\resolve-uri': 'C:\\Users\\Administrator\\Desktop\\AI项目\\CONSENSUS\\node_modules\\@jridgewell\\.resolve-uri-a2R9QAmR',
251 silly reify   'C:\\Users\\Administrator\\Desktop\\AI项目\\CONSENSUS\\node_modules\\@jridgewell\\sourcemap-codec': 'C:\\Users\\Administrator\\Desktop\\AI项目\\CONSENSUS\\node_modules\\@jridgewell\\.sourcemap-codec-9bXUvdCq',
251 silly reify   'C:\\Users\\Administrator\\Desktop\\AI项目\\CONSENSUS\\node_modules\\@rolldown\\pluginutils': 'C:\\Users\\Administrator\\Desktop\\AI项目\\CONSENSUS\\node_modules\\@rolldown\\.pluginutils-OLKyygrP',
251 silly reify   'C:\\Users\\Administrator\\Desktop\\AI项目\\CONSENSUS\\node_modules\\@rollup\\rollup-android-arm-eabi': 'C:\\Users\\Administrator\\Desktop\\AI项目\\CONSENSUS\\node_modules\\@rollup\\.rollup-android-arm-eabi-FWCEDb0N',
251 silly reify   'C:\\Users\\Administrator\\Desktop\\AI项目\\CONSENSUS\\node_modules\\@rollup\\rollup-darwin-arm64': 'C:\\Users\\Administrator\\Desktop\\AI项目\\CONSENSUS\\node_modules\\@rollup\\.rollup-darwin-arm64-Oq3l4jMq',
251 silly reify   'C:\\Users\\Administrator\\Desktop\\AI项目\\CONSENSUS\\node_modules\\@rollup\\rollup-android-arm64': 'C:\\Users\\Administrator\\Desktop\\AI项目\\CONSENSUS\\node_modules\\@rollup\\.rollup-android-arm64-nhpaPsmA',
251 silly reify   'C:\\Users\\Administrator\\Desktop\\AI项目\\CONSENSUS\\node_modules\\@rollup\\rollup-freebsd-arm64': 'C:\\Users\\Administrator\\Desktop\\AI项目\\CONSENSUS\\node_modules\\@rollup\\.rollup-freebsd-arm64-373MnB7g',
251 silly reify   'C:\\Users\\Administrator\\Desktop\\AI项目\\CONSENSUS\\node_modules\\@rollup\\rollup-freebsd-x64': 'C:\\Users\\Administrator\\Desktop\\AI项目\\CONSENSUS\\node_modules\\@rollup\\.rollup-freebsd-x64-XmLGX0H8',
251 silly reify   'C:\\Users\\Administrator\\Desktop\\AI项目\\CONSENSUS\\node_modules\\@rollup\\rollup-linux-arm-gnueabihf': 'C:\\Users\\Administrator\\Desktop\\AI项目\\CONSENSUS\\node_modules\\@rollup\\.rollup-linux-arm-gnueabihf-u419tEew',
251 silly reify   'C:\\Users\\Administrator\\Desktop\\AI项目\\CONSENSUS\\node_modules\\@rollup\\rollup-linux-arm64-gnu': 'C:\\Users\\Administrator\\Desktop\\AI项目\\CONSENSUS\\node_modules\\@rollup\\.rollup-linux-arm64-gnu-nUrqRdxa',
251 silly reify   'C:\\Users\\Administrator\\Desktop\\AI项目\\CONSENSUS\\node_modules\\@rollup\\rollup-linux-loong64-gnu': 'C:\\Users\\Administrator\\Desktop\\AI项目\\CONSENSUS\\node_modules\\@rollup\\.rollup-linux-loong64-gnu-O6pneOnU',
251 silly reify   'C:\\Users\\Administrator\\Desktop\\AI项目\\CONSENSUS\\node_modules\\@rollup\\rollup-darwin-x64': 'C:\\Users\\Administrator\\Desktop\\AI项目\\CONSENSUS\\node_modules\\@rollup\\.rollup-darwin-x64-Jou2ixKh',
251 silly reify   'C:\\Users\\Administrator\\Desktop\\AI项目\\CONSENSUS\\node_modules\\@rollup\\rollup-linux-arm-musleabihf': 'C:\\Users\\Administrator\\Desktop\\AI项目\\CONSENSUS\\node_modules\\@rollup\\.rollup-linux-arm-musleabihf-TtauyNnK',
251 silly reify   'C:\\Users\\Administrator\\Desktop\\AI项目\\CONSENSUS\\node_modules\\@rollup\\rollup-linux-ppc64-gnu': 'C:\\Users\\Administrator\\Desktop\\AI项目\\CONSENSUS\\node_modules\\@rollup\\.rollup-linux-ppc64-gnu-e7LbbuvC',
251 silly reify   'C:\\Users\\Administrator\\Desktop\\AI项目\\CONSENSUS\\node_modules\\@rollup\\rollup-linux-arm64-musl': 'C:\\Users\\Administrator\\Desktop\\AI项目\\CONSENSUS\\node_modules\\@rollup\\.rollup-linux-arm64-musl-XUr3gZf9',
251 silly reify   'C:\\Users\\Administrator\\Desktop\\AI项目\\CONSENSUS\\node_modules\\@rollup\\rollup-linux-loong64-musl': 'C:\\Users\\Administrator\\Desktop\\AI项目\\CONSENSUS\\node_modules\\@rollup\\.rollup-linux-loong64-musl-mFF5V3S8',
251 silly reify   'C:\\Users\\Administrator\\Desktop\\AI项目\\CONSENSUS\\node_modules\\@rollup\\rollup-linux-x64-gnu': 'C:\\Users\\Administrator\\Desktop\\AI项目\\CONSENSUS\\node_modules\\@rollup\\.rollup-linux-x64-gnu-cw1IOAzo',
251 silly reify   'C:\\Users\\Administrator\\Desktop\\AI项目\\CONSENSUS\\node_modules\\@rollup\\rollup-linux-riscv64-musl': 'C:\\Users\\Administrator\\Desktop\\AI项目\\CONSENSUS\\node_modules\\@rollup\\.rollup-linux-riscv64-musl-nDW0IAqo',
251 silly reify   'C:\\Users\\Administrator\\Desktop\\AI项目\\CONSENSUS\\node_modules\\@rollup\\rollup-linux-riscv64-gnu': 'C:\\Users\\Administrator\\Desktop\\AI项目\\CONSENSUS\\node_modules\\@rollup\\.rollup-linux-riscv64-gnu-JXbcsvPG',
251 silly reify   'C:\\Users\\Administrator\\Desktop\\AI项目\\CONSENSUS\\node_modules\\@rollup\\rollup-linux-ppc64-musl': 'C:\\Users\\Administrator\\Desktop\\AI项目\\CONSENSUS\\node_modules\\@rollup\\.rollup-linux-ppc64-musl-kjnjGHBI',
251 silly reify   'C:\\Users\\Administrator\\Desktop\\AI项目\\CONSENSUS\\node_modules\\@rollup\\rollup-linux-s390x-gnu': 'C:\\Users\\Administrator\\Desktop\\AI项目\\CONSENSUS\\node_modules\\@rollup\\.rollup-linux-s390x-gnu-mSyTBcXl',
251 silly reify   'C:\\Users\\Administrator\\Desktop\\AI项目\\CONSENSUS\\node_modules\\@rollup\\rollup-win32-ia32-msvc': 'C:\\Users\\Administrator\\Desktop\\AI项目\\CONSENSUS\\node_modules\\@rollup\\.rollup-win32-ia32-msvc-PIuPzLIR',
251 silly reify   'C:\\Users\\Administrator\\Desktop\\AI项目\\CONSENSUS\\node_modules\\@rollup\\rollup-linux-x64-musl': 'C:\\Users\\Administrator\\Desktop\\AI项目\\CONSENSUS\\node_modules\\@rollup\\.rollup-linux-x64-musl-nUyqk48x',
251 silly reify   'C:\\Users\\Administrator\\Desktop\\AI项目\\CONSENSUS\\node_modules\\@rollup\\rollup-win32-arm64-msvc': 'C:\\Users\\Administrator\\Desktop\\AI项目\\CONSENSUS\\node_modules\\@rollup\\.rollup-win32-arm64-msvc-KxuykbIx',
251 silly reify   'C:\\Users\\Administrator\\Desktop\\AI项目\\CONSENSUS\\node_modules\\@rollup\\rollup-openbsd-x64': 'C:\\Users\\Administrator\\Desktop\\AI项目\\CONSENSUS\\node_modules\\@rollup\\.rollup-openbsd-x64-AVlo4LSa',
251 silly reify   'C:\\Users\\Administrator\\Desktop\\AI项目\\CONSENSUS\\node_modules\\@rollup\\rollup-win32-x64-gnu': 'C:\\Users\\Administrator\\Desktop\\AI项目\\CONSENSUS\\node_modules\\@rollup\\.rollup-win32-x64-gnu-mlwxzpXy',
251 silly reify   'C:\\Users\\Administrator\\Desktop\\AI项目\\CONSENSUS\\node_modules\\@rollup\\rollup-openharmony-arm64': 'C:\\Users\\Administrator\\Desktop\\AI项目\\CONSENSUS\\node_modules\\@rollup\\.rollup-openharmony-arm64-VZCMqdsR',
251 silly reify   'C:\\Users\\Administrator\\Desktop\\AI项目\\CONSENSUS\\node_modules\\@types\\babel__generator': 'C:\\Users\\Administrator\\Desktop\\AI项目\\CONSENSUS\\node_modules\\@types\\.babel__generator-WKhArm1U',
251 silly reify   'C:\\Users\\Administrator\\Desktop\\AI项目\\CONSENSUS\\node_modules\\@rollup\\rollup-win32-x64-msvc': 'C:\\Users\\Administrator\\Desktop\\AI项目\\CONSENSUS\\node_modules\\@rollup\\.rollup-win32-x64-msvc-krhWpJYD',
251 silly reify   'C:\\Users\\Administrator\\Desktop\\AI项目\\CONSENSUS\\node_modules\\@types\\babel__core': 'C:\\Users\\Administrator\\Desktop\\AI项目\\CONSENSUS\\node_modules\\@types\\.babel__core-OE2pYOtu',
251 silly reify   'C:\\Users\\Administrator\\Desktop\\AI项目\\CONSENSUS\\node_modules\\@types\\babel__template': 'C:\\Users\\Administrator\\Desktop\\AI项目\\CONSENSUS\\node_modules\\@types\\.babel__template-b0L6ZSd7',
251 silly reify   'C:\\Users\\Administrator\\Desktop\\AI项目\\CONSENSUS\\node_modules\\@types\\babel__traverse': 'C:\\Users\\Administrator\\Desktop\\AI项目\\CONSENSUS\\node_modules\\@types\\.babel__traverse-hXFFl18j',
251 silly reify   'C:\\Users\\Administrator\\Desktop\\AI项目\\CONSENSUS\\node_modules\\@vitejs\\plugin-react': 'C:\\Users\\Administrator\\Desktop\\AI项目\\CONSENSUS\\node_modules\\@vitejs\\.plugin-react-M9JruGlv',
251 silly reify   'C:\\Users\\Administrator\\Desktop\\AI项目\\CONSENSUS\\node_modules\\@types\\estree': 'C:\\Users\\Administrator\\Desktop\\AI项目\\CONSENSUS\\node_modules\\@types\\.estree-k4QdLH11'
251 silly reify }
252 http fetch GET https://registry.npmjs.org/npm attempt 1 failed with EACCES
253 verbose reify failed optional dependency C:\Users\Administrator\Desktop\AI项目\CONSENSUS\node_modules\@rollup\rollup-openharmony-arm64
254 silly reify mark deleted [
254 silly reify   'C:\\Users\\Administrator\\Desktop\\AI项目\\CONSENSUS\\node_modules\\@rollup\\rollup-openharmony-arm64'
254 silly reify ]
255 verbose reify failed optional dependency C:\Users\Administrator\Desktop\AI项目\CONSENSUS\node_modules\@rollup\rollup-openbsd-x64
256 silly reify mark deleted [
256 silly reify   'C:\\Users\\Administrator\\Desktop\\AI项目\\CONSENSUS\\node_modules\\@rollup\\rollup-openbsd-x64'
256 silly reify ]
257 verbose reify failed optional dependency C:\Users\Administrator\Desktop\AI项目\CONSENSUS\node_modules\@rollup\rollup-win32-arm64-msvc
258 silly reify mark deleted [
258 silly reify   'C:\\Users\\Administrator\\Desktop\\AI项目\\CONSENSUS\\node_modules\\@rollup\\rollup-win32-arm64-msvc'
258 silly reify ]
259 verbose reify failed optional dependency C:\Users\Administrator\Desktop\AI项目\CONSENSUS\node_modules\@rollup\rollup-linux-x64-musl
260 silly reify mark deleted [
260 silly reify   'C:\\Users\\Administrator\\Desktop\\AI项目\\CONSENSUS\\node_modules\\@rollup\\rollup-linux-x64-musl'
260 silly reify ]
261 verbose reify failed optional dependency C:\Users\Administrator\Desktop\AI项目\CONSENSUS\node_modules\@rollup\rollup-win32-ia32-msvc
262 silly reify mark deleted [
262 silly reify   'C:\\Users\\Administrator\\Desktop\\AI项目\\CONSENSUS\\node_modules\\@rollup\\rollup-win32-ia32-msvc'
262 silly reify ]
263 verbose reify failed optional dependency C:\Users\Administrator\Desktop\AI项目\CONSENSUS\node_modules\@rollup\rollup-linux-s390x-gnu
264 silly reify mark deleted [
264 silly reify   'C:\\Users\\Administrator\\Desktop\\AI项目\\CONSENSUS\\node_modules\\@rollup\\rollup-linux-s390x-gnu'
264 silly reify ]
265 verbose reify failed optional dependency C:\Users\Administrator\Desktop\AI项目\CONSENSUS\node_modules\@rollup\rollup-linux-ppc64-musl
266 silly reify mark deleted [
266 silly reify   'C:\\Users\\Administrator\\Desktop\\AI项目\\CONSENSUS\\node_modules\\@rollup\\rollup-linux-ppc64-musl'
266 silly reify ]
267 verbose reify failed optional dependency C:\Users\Administrator\Desktop\AI项目\CONSENSUS\node_modules\@rollup\rollup-linux-riscv64-gnu
268 silly reify mark deleted [
268 silly reify   'C:\\Users\\Administrator\\Desktop\\AI项目\\CONSENSUS\\node_modules\\@rollup\\rollup-linux-riscv64-gnu'
268 silly reify ]
269 verbose reify failed optional dependency C:\Users\Administrator\Desktop\AI项目\CONSENSUS\node_modules\@rollup\rollup-linux-riscv64-musl
270 silly reify mark deleted [
270 silly reify   'C:\\Users\\Administrator\\Desktop\\AI项目\\CONSENSUS\\node_modules\\@rollup\\rollup-linux-riscv64-musl'
270 silly reify ]
271 verbose reify failed optional dependency C:\Users\Administrator\Desktop\AI项目\CONSENSUS\node_modules\@rollup\rollup-linux-x64-gnu
272 silly reify mark deleted [
272 silly reify   'C:\\Users\\Administrator\\Desktop\\AI项目\\CONSENSUS\\node_modules\\@rollup\\rollup-linux-x64-gnu'
272 silly reify ]
273 verbose reify failed optional dependency C:\Users\Administrator\Desktop\AI项目\CONSENSUS\node_modules\@rollup\rollup-linux-loong64-musl
274 silly reify mark deleted [
274 silly reify   'C:\\Users\\Administrator\\Desktop\\AI项目\\CONSENSUS\\node_modules\\@rollup\\rollup-linux-loong64-musl'
274 silly reify ]
275 verbose reify failed optional dependency C:\Users\Administrator\Desktop\AI项目\CONSENSUS\node_modules\@rollup\rollup-linux-arm64-musl
276 silly reify mark deleted [
276 silly reify   'C:\\Users\\Administrator\\Desktop\\AI项目\\CONSENSUS\\node_modules\\@rollup\\rollup-linux-arm64-musl'
276 silly reify ]
277 verbose reify failed optional dependency C:\Users\Administrator\Desktop\AI项目\CONSENSUS\node_modules\@rollup\rollup-linux-ppc64-gnu
278 silly reify mark deleted [
278 silly reify   'C:\\Users\\Administrator\\Desktop\\AI项目\\CONSENSUS\\node_modules\\@rollup\\rollup-linux-ppc64-gnu'
278 silly reify ]
279 verbose reify failed optional dependency C:\Users\Administrator\Desktop\AI项目\CONSENSUS\node_modules\@rollup\rollup-linux-arm-musleabihf
280 silly reify mark deleted [
280 silly reify   'C:\\Users\\Administrator\\Desktop\\AI项目\\CONSENSUS\\node_modules\\@rollup\\rollup-linux-arm-musleabihf'
280 silly reify ]
281 verbose reify failed optional dependency C:\Users\Administrator\Desktop\AI项目\CONSENSUS\node_modules\@rollup\rollup-darwin-x64
282 silly reify mark deleted [
282 silly reify   'C:\\Users\\Administrator\\Desktop\\AI项目\\CONSENSUS\\node_modules\\@rollup\\rollup-darwin-x64'
282 silly reify ]
283 verbose reify failed optional dependency C:\Users\Administrator\Desktop\AI项目\CONSENSUS\node_modules\@rollup\rollup-linux-loong64-gnu
284 silly reify mark deleted [
284 silly reify   'C:\\Users\\Administrator\\Desktop\\AI项目\\CONSENSUS\\node_modules\\@rollup\\rollup-linux-loong64-gnu'
284 silly reify ]
285 verbose reify failed optional dependency C:\Users\Administrator\Desktop\AI项目\CONSENSUS\node_modules\@rollup\rollup-linux-arm64-gnu
286 silly reify mark deleted [
286 silly reify   'C:\\Users\\Administrator\\Desktop\\AI项目\\CONSENSUS\\node_modules\\@rollup\\rollup-linux-arm64-gnu'
286 silly reify ]
287 verbose reify failed optional dependency C:\Users\Administrator\Desktop\AI项目\CONSENSUS\node_modules\@rollup\rollup-linux-arm-gnueabihf
288 silly reify mark deleted [
288 silly reify   'C:\\Users\\Administrator\\Desktop\\AI项目\\CONSENSUS\\node_modules\\@rollup\\rollup-linux-arm-gnueabihf'
288 silly reify ]
289 verbose reify failed optional dependency C:\Users\Administrator\Desktop\AI项目\CONSENSUS\node_modules\@rollup\rollup-freebsd-x64
290 silly reify mark deleted [
290 silly reify   'C:\\Users\\Administrator\\Desktop\\AI项目\\CONSENSUS\\node_modules\\@rollup\\rollup-freebsd-x64'
290 silly reify ]
291 verbose reify failed optional dependency C:\Users\Administrator\Desktop\AI项目\CONSENSUS\node_modules\@rollup\rollup-freebsd-arm64
292 silly reify mark deleted [
292 silly reify   'C:\\Users\\Administrator\\Desktop\\AI项目\\CONSENSUS\\node_modules\\@rollup\\rollup-freebsd-arm64'
292 silly reify ]
293 verbose reify failed optional dependency C:\Users\Administrator\Desktop\AI项目\CONSENSUS\node_modules\@rollup\rollup-android-arm64
294 silly reify mark deleted [
294 silly reify   'C:\\Users\\Administrator\\Desktop\\AI项目\\CONSENSUS\\node_modules\\@rollup\\rollup-android-arm64'
294 silly reify ]
295 verbose reify failed optional dependency C:\Users\Administrator\Desktop\AI项目\CONSENSUS\node_modules\@rollup\rollup-darwin-arm64
296 silly reify mark deleted [
296 silly reify   'C:\\Users\\Administrator\\Desktop\\AI项目\\CONSENSUS\\node_modules\\@rollup\\rollup-darwin-arm64'
296 silly reify ]
297 verbose reify failed optional dependency C:\Users\Administrator\Desktop\AI项目\CONSENSUS\node_modules\@rollup\rollup-android-arm-eabi
298 silly reify mark deleted [
298 silly reify   'C:\\Users\\Administrator\\Desktop\\AI项目\\CONSENSUS\\node_modules\\@rollup\\rollup-android-arm-eabi'
298 silly reify ]
299 verbose reify failed optional dependency C:\Users\Administrator\Desktop\AI项目\CONSENSUS\node_modules\@esbuild\win32-ia32
300 silly reify mark deleted [
300 silly reify   'C:\\Users\\Administrator\\Desktop\\AI项目\\CONSENSUS\\node_modules\\@esbuild\\win32-ia32'
300 silly reify ]
301 verbose reify failed optional dependency C:\Users\Administrator\Desktop\AI项目\CONSENSUS\node_modules\@esbuild\win32-arm64
302 silly reify mark deleted [
302 silly reify   'C:\\Users\\Administrator\\Desktop\\AI项目\\CONSENSUS\\node_modules\\@esbuild\\win32-arm64'
302 silly reify ]
303 verbose reify failed optional dependency C:\Users\Administrator\Desktop\AI项目\CONSENSUS\node_modules\@esbuild\openbsd-x64
304 silly reify mark deleted [
304 silly reify   'C:\\Users\\Administrator\\Desktop\\AI项目\\CONSENSUS\\node_modules\\@esbuild\\openbsd-x64'
304 silly reify ]
305 verbose reify failed optional dependency C:\Users\Administrator\Desktop\AI项目\CONSENSUS\node_modules\@esbuild\sunos-x64
306 silly reify mark deleted [
306 silly reify   'C:\\Users\\Administrator\\Desktop\\AI项目\\CONSENSUS\\node_modules\\@esbuild\\sunos-x64'
306 silly reify ]
307 verbose reify failed optional dependency C:\Users\Administrator\Desktop\AI项目\CONSENSUS\node_modules\@esbuild\linux-x64
308 silly reify mark deleted [
308 silly reify   'C:\\Users\\Administrator\\Desktop\\AI项目\\CONSENSUS\\node_modules\\@esbuild\\linux-x64'
308 silly reify ]
309 verbose reify failed optional dependency C:\Users\Administrator\Desktop\AI项目\CONSENSUS\node_modules\@esbuild\netbsd-x64
310 silly reify mark deleted [
310 silly reify   'C:\\Users\\Administrator\\Desktop\\AI项目\\CONSENSUS\\node_modules\\@esbuild\\netbsd-x64'
310 silly reify ]
311 verbose reify failed optional dependency C:\Users\Administrator\Desktop\AI项目\CONSENSUS\node_modules\@esbuild\linux-s390x
312 silly reify mark deleted [
312 silly reify   'C:\\Users\\Administrator\\Desktop\\AI项目\\CONSENSUS\\node_modules\\@esbuild\\linux-s390x'
312 silly reify ]
313 verbose reify failed optional dependency C:\Users\Administrator\Desktop\AI项目\CONSENSUS\node_modules\@esbuild\linux-ppc64
314 silly reify mark deleted [
314 silly reify   'C:\\Users\\Administrator\\Desktop\\AI项目\\CONSENSUS\\node_modules\\@esbuild\\linux-ppc64'
314 silly reify ]
315 verbose reify failed optional dependency C:\Users\Administrator\Desktop\AI项目\CONSENSUS\node_modules\@esbuild\linux-ia32
316 silly reify mark deleted [
316 silly reify   'C:\\Users\\Administrator\\Desktop\\AI项目\\CONSENSUS\\node_modules\\@esbuild\\linux-ia32'
316 silly reify ]
317 verbose reify failed optional dependency C:\Users\Administrator\Desktop\AI项目\CONSENSUS\node_modules\@esbuild\linux-riscv64
318 silly reify mark deleted [
318 silly reify   'C:\\Users\\Administrator\\Desktop\\AI项目\\CONSENSUS\\node_modules\\@esbuild\\linux-riscv64'
318 silly reify ]
319 verbose reify failed optional dependency C:\Users\Administrator\Desktop\AI项目\CONSENSUS\node_modules\@esbuild\linux-loong64
320 silly reify mark deleted [
320 silly reify   'C:\\Users\\Administrator\\Desktop\\AI项目\\CONSENSUS\\node_modules\\@esbuild\\linux-loong64'
320 silly reify ]
321 verbose reify failed optional dependency C:\Users\Administrator\Desktop\AI项目\CONSENSUS\node_modules\@esbuild\linux-mips64el
322 silly reify mark deleted [
322 silly reify   'C:\\Users\\Administrator\\Desktop\\AI项目\\CONSENSUS\\node_modules\\@esbuild\\linux-mips64el'
322 silly reify ]
323 verbose reify failed optional dependency C:\Users\Administrator\Desktop\AI项目\CONSENSUS\node_modules\@esbuild\freebsd-arm64
324 silly reify mark deleted [
324 silly reify   'C:\\Users\\Administrator\\Desktop\\AI项目\\CONSENSUS\\node_modules\\@esbuild\\freebsd-arm64'
324 silly reify ]
325 verbose reify failed optional dependency C:\Users\Administrator\Desktop\AI项目\CONSENSUS\node_modules\@esbuild\linux-arm
326 silly reify mark deleted [
326 silly reify   'C:\\Users\\Administrator\\Desktop\\AI项目\\CONSENSUS\\node_modules\\@esbuild\\linux-arm'
326 silly reify ]
327 verbose reify failed optional dependency C:\Users\Administrator\Desktop\AI项目\CONSENSUS\node_modules\@esbuild\linux-arm64
328 silly reify mark deleted [
328 silly reify   'C:\\Users\\Administrator\\Desktop\\AI项目\\CONSENSUS\\node_modules\\@esbuild\\linux-arm64'
328 silly reify ]
329 verbose reify failed optional dependency C:\Users\Administrator\Desktop\AI项目\CONSENSUS\node_modules\@esbuild\freebsd-x64
330 silly reify mark deleted [
330 silly reify   'C:\\Users\\Administrator\\Desktop\\AI项目\\CONSENSUS\\node_modules\\@esbuild\\freebsd-x64'
330 silly reify ]
331 verbose reify failed optional dependency C:\Users\Administrator\Desktop\AI项目\CONSENSUS\node_modules\@esbuild\darwin-x64
332 silly reify mark deleted [
332 silly reify   'C:\\Users\\Administrator\\Desktop\\AI项目\\CONSENSUS\\node_modules\\@esbuild\\darwin-x64'
332 silly reify ]
333 verbose reify failed optional dependency C:\Users\Administrator\Desktop\AI项目\CONSENSUS\node_modules\@esbuild\android-x64
334 silly reify mark deleted [
334 silly reify   'C:\\Users\\Administrator\\Desktop\\AI项目\\CONSENSUS\\node_modules\\@esbuild\\android-x64'
334 silly reify ]
335 verbose reify failed optional dependency C:\Users\Administrator\Desktop\AI项目\CONSENSUS\node_modules\@esbuild\darwin-arm64
336 silly reify mark deleted [
336 silly reify   'C:\\Users\\Administrator\\Desktop\\AI项目\\CONSENSUS\\node_modules\\@esbuild\\darwin-arm64'
336 silly reify ]
337 verbose reify failed optional dependency C:\Users\Administrator\Desktop\AI项目\CONSENSUS\node_modules\@esbuild\aix-ppc64
338 silly reify mark deleted [
338 silly reify   'C:\\Users\\Administrator\\Desktop\\AI项目\\CONSENSUS\\node_modules\\@esbuild\\aix-ppc64'
338 silly reify ]
339 verbose reify failed optional dependency C:\Users\Administrator\Desktop\AI项目\CONSENSUS\node_modules\@esbuild\android-arm
340 silly reify mark deleted [
340 silly reify   'C:\\Users\\Administrator\\Desktop\\AI项目\\CONSENSUS\\node_modules\\@esbuild\\android-arm'
340 silly reify ]
341 verbose reify failed optional dependency C:\Users\Administrator\Desktop\AI项目\CONSENSUS\node_modules\@esbuild\android-arm64
342 silly reify mark deleted [
342 silly reify   'C:\\Users\\Administrator\\Desktop\\AI项目\\CONSENSUS\\node_modules\\@esbuild\\android-arm64'
342 silly reify ]
343 verbose reify failed optional dependency C:\Users\Administrator\Desktop\AI项目\CONSENSUS\node_modules\fsevents
344 silly reify mark deleted [
344 silly reify   'C:\\Users\\Administrator\\Desktop\\AI项目\\CONSENSUS\\node_modules\\fsevents'
344 silly reify ]
345 http cache @vitejs/plugin-react@http://npm.weimob.com/@vitejs%2fplugin-react/-/plugin-react-5.2.0.tgz 1ms (cache hit)
346 http cache @types/estree@http://npm.weimob.com/@types%2festree/-/estree-1.0.8.tgz 0ms (cache hit)
347 http cache @types/babel__traverse@http://npm.weimob.com/@types%2fbabel__traverse/-/babel__traverse-7.28.0.tgz 0ms (cache hit)
348 http cache @types/babel__template@http://npm.weimob.com/@types%2fbabel__template/-/babel__template-7.4.4.tgz 0ms (cache hit)
349 http cache @rollup/rollup-win32-x64-msvc@http://npm.weimob.com/@rollup%2frollup-win32-x64-msvc/-/rollup-win32-x64-msvc-4.60.2.tgz 0ms (cache hit)
350 http cache @types/babel__generator@http://npm.weimob.com/@types%2fbabel__generator/-/babel__generator-7.27.0.tgz 0ms (cache hit)
351 http cache @types/babel__core@http://npm.weimob.com/@types%2fbabel__core/-/babel__core-7.20.5.tgz 0ms (cache hit)
352 http cache @rollup/rollup-win32-x64-gnu@http://npm.weimob.com/@rollup%2frollup-win32-x64-gnu/-/rollup-win32-x64-gnu-4.60.2.tgz 0ms (cache hit)
353 http cache @rolldown/pluginutils@http://npm.weimob.com/@rolldown%2fpluginutils/-/pluginutils-1.0.0-rc.3.tgz 0ms (cache hit)
354 http cache @jridgewell/resolve-uri@http://npm.weimob.com/@jridgewell%2fresolve-uri/-/resolve-uri-3.1.2.tgz 0ms (cache hit)
355 http cache @jridgewell/sourcemap-codec@http://npm.weimob.com/@jridgewell%2fsourcemap-codec/-/sourcemap-codec-1.5.5.tgz 0ms (cache hit)
356 http cache @jridgewell/gen-mapping@http://npm.weimob.com/@jridgewell%2fgen-mapping/-/gen-mapping-0.3.13.tgz 0ms (cache hit)
357 http cache @jridgewell/remapping@http://npm.weimob.com/@jridgewell%2fremapping/-/remapping-2.3.5.tgz 0ms (cache hit)
358 http cache @jridgewell/trace-mapping@http://npm.weimob.com/@jridgewell%2ftrace-mapping/-/trace-mapping-0.3.31.tgz 0ms (cache hit)
359 http cache @esbuild/win32-x64@http://npm.weimob.com/@esbuild%2fwin32-x64/-/win32-x64-0.21.5.tgz 0ms (cache hit)
360 http cache @babel/types@http://npm.weimob.com/@babel%2ftypes/-/types-7.29.0.tgz 0ms (cache hit)
361 http cache @babel/traverse@http://npm.weimob.com/@babel%2ftraverse/-/traverse-7.29.0.tgz 0ms (cache hit)
362 http cache @babel/plugin-transform-react-jsx-self@http://npm.weimob.com/@babel%2fplugin-transform-react-jsx-self/-/plugin-transform-react-jsx-self-7.27.1.tgz 0ms (cache hit)
363 http cache @babel/template@http://npm.weimob.com/@babel%2ftemplate/-/template-7.28.6.tgz 0ms (cache hit)
364 http cache @babel/plugin-transform-react-jsx-source@http://npm.weimob.com/@babel%2fplugin-transform-react-jsx-source/-/plugin-transform-react-jsx-source-7.27.1.tgz 1ms (cache hit)
365 http cache @babel/helper-validator-option@http://npm.weimob.com/@babel%2fhelper-validator-option/-/helper-validator-option-7.27.1.tgz 0ms (cache hit)
366 http cache @babel/parser@http://npm.weimob.com/@babel%2fparser/-/parser-7.29.2.tgz 0ms (cache hit)
367 http cache @babel/helper-validator-identifier@http://npm.weimob.com/@babel%2fhelper-validator-identifier/-/helper-validator-identifier-7.28.5.tgz 0ms (cache hit)
368 http cache @babel/helper-plugin-utils@http://npm.weimob.com/@babel%2fhelper-plugin-utils/-/helper-plugin-utils-7.28.6.tgz 0ms (cache hit)
369 http cache @babel/helpers@http://npm.weimob.com/@babel%2fhelpers/-/helpers-7.29.2.tgz 0ms (cache hit)
370 http cache @babel/helper-compilation-targets@http://npm.weimob.com/@babel%2fhelper-compilation-targets/-/helper-compilation-targets-7.28.6.tgz 0ms (cache hit)
371 http cache @babel/helper-string-parser@http://npm.weimob.com/@babel%2fhelper-string-parser/-/helper-string-parser-7.27.1.tgz 0ms (cache hit)
372 http cache @babel/helper-module-imports@http://npm.weimob.com/@babel%2fhelper-module-imports/-/helper-module-imports-7.28.6.tgz 0ms (cache hit)
373 http cache @babel/helper-module-transforms@http://npm.weimob.com/@babel%2fhelper-module-transforms/-/helper-module-transforms-7.28.6.tgz 0ms (cache hit)
374 http cache @babel/helper-globals@http://npm.weimob.com/@babel%2fhelper-globals/-/helper-globals-7.28.0.tgz 0ms (cache hit)
375 http cache @babel/core@http://npm.weimob.com/@babel%2fcore/-/core-7.29.0.tgz 0ms (cache hit)
376 http cache toidentifier@http://npm.weimob.com/toidentifier/-/toidentifier-1.0.1.tgz 0ms (cache hit)
377 http cache tslib@http://npm.weimob.com/tslib/-/tslib-2.8.1.tgz 0ms (cache hit)
378 http cache yargs-parser@http://npm.weimob.com/yargs-parser/-/yargs-parser-21.1.1.tgz 0ms (cache hit)
379 http cache yargs@http://npm.weimob.com/yargs/-/yargs-17.7.2.tgz 0ms (cache hit)
380 http cache yallist@http://npm.weimob.com/yallist/-/yallist-3.1.1.tgz 0ms (cache hit)
381 http cache @babel/compat-data@http://npm.weimob.com/@babel%2fcompat-data/-/compat-data-7.29.0.tgz 0ms (cache hit)
382 http cache y18n@http://npm.weimob.com/y18n/-/y18n-5.0.8.tgz 0ms (cache hit)
383 http cache @babel/generator@http://npm.weimob.com/@babel%2fgenerator/-/generator-7.29.1.tgz 0ms (cache hit)
384 http cache @babel/code-frame@http://npm.weimob.com/@babel%2fcode-frame/-/code-frame-7.29.0.tgz 0ms (cache hit)
385 http cache ws@http://npm.weimob.com/ws/-/ws-8.20.0.tgz 0ms (cache hit)
386 http cache wrappy@http://npm.weimob.com/wrappy/-/wrappy-1.0.2.tgz 0ms (cache hit)
387 http cache vary@http://npm.weimob.com/vary/-/vary-1.1.2.tgz 0ms (cache hit)
388 http cache wrap-ansi@http://npm.weimob.com/wrap-ansi/-/wrap-ansi-7.0.0.tgz 0ms (cache hit)
389 http cache vite@http://npm.weimob.com/vite/-/vite-5.4.21.tgz 0ms (cache hit)
390 http cache utils-merge@http://npm.weimob.com/utils-merge/-/utils-merge-1.0.1.tgz 0ms (cache hit)
391 http cache util-deprecate@http://npm.weimob.com/util-deprecate/-/util-deprecate-1.0.2.tgz 0ms (cache hit)
392 http cache update-browserslist-db@http://npm.weimob.com/update-browserslist-db/-/update-browserslist-db-1.2.3.tgz 0ms (cache hit)
393 http cache unpipe@http://npm.weimob.com/unpipe/-/unpipe-1.0.0.tgz 0ms (cache hit)
394 http cache type-is@http://npm.weimob.com/type-is/-/type-is-1.6.18.tgz 0ms (cache hit)
395 http cache tunnel-agent@http://npm.weimob.com/tunnel-agent/-/tunnel-agent-0.6.0.tgz 0ms (cache hit)
396 http cache tar-stream@http://npm.weimob.com/tar-stream/-/tar-stream-2.2.0.tgz 0ms (cache hit)
397 http cache tar-fs@http://npm.weimob.com/tar-fs/-/tar-fs-2.1.4.tgz 0ms (cache hit)
398 http cache tree-kill@http://npm.weimob.com/tree-kill/-/tree-kill-1.2.2.tgz 0ms (cache hit)
399 http cache supports-color@http://npm.weimob.com/supports-color/-/supports-color-8.1.1.tgz 0ms (cache hit)
400 http cache strip-ansi@http://npm.weimob.com/strip-ansi/-/strip-ansi-6.0.1.tgz 0ms (cache hit)
401 http cache strip-json-comments@http://npm.weimob.com/strip-json-comments/-/strip-json-comments-2.0.1.tgz 0ms (cache hit)
402 http cache string-width@http://npm.weimob.com/string-width/-/string-width-4.2.3.tgz 0ms (cache hit)
403 http cache statuses@http://npm.weimob.com/statuses/-/statuses-2.0.2.tgz 0ms (cache hit)
404 http cache string_decoder@http://npm.weimob.com/string_decoder/-/string_decoder-1.3.0.tgz 0ms (cache hit)
405 http cache source-map-js@http://npm.weimob.com/source-map-js/-/source-map-js-1.2.1.tgz 0ms (cache hit)
406 http cache simple-get@http://npm.weimob.com/simple-get/-/simple-get-4.0.1.tgz 0ms (cache hit)
407 http cache side-channel-weakmap@http://npm.weimob.com/side-channel-weakmap/-/side-channel-weakmap-1.0.2.tgz 0ms (cache hit)
408 http cache side-channel-map@http://npm.weimob.com/side-channel-map/-/side-channel-map-1.0.1.tgz 0ms (cache hit)
409 http cache simple-concat@http://npm.weimob.com/simple-concat/-/simple-concat-1.0.1.tgz 0ms (cache hit)
410 http cache side-channel@http://npm.weimob.com/side-channel/-/side-channel-1.1.0.tgz 0ms (cache hit)
411 http cache side-channel-list@http://npm.weimob.com/side-channel-list/-/side-channel-list-1.0.1.tgz 0ms (cache hit)
412 http cache setprototypeof@http://npm.weimob.com/setprototypeof/-/setprototypeof-1.2.0.tgz 0ms (cache hit)
413 http cache shell-quote@http://npm.weimob.com/shell-quote/-/shell-quote-1.8.3.tgz 0ms (cache hit)
414 http cache serve-static@http://npm.weimob.com/serve-static/-/serve-static-1.16.3.tgz 0ms (cache hit)
415 http cache scheduler@http://npm.weimob.com/scheduler/-/scheduler-0.23.2.tgz 0ms (cache hit)
416 http cache send@http://npm.weimob.com/send/-/send-0.19.2.tgz 0ms (cache hit)
417 http cache semver@http://npm.weimob.com/semver/-/semver-6.3.1.tgz 0ms (cache hit)
418 http cache rxjs@http://npm.weimob.com/rxjs/-/rxjs-7.8.2.tgz 0ms (cache hit)
419 http cache require-directory@http://npm.weimob.com/require-directory/-/require-directory-2.1.1.tgz 0ms (cache hit)
420 http cache safe-buffer@http://npm.weimob.com/safe-buffer/-/safe-buffer-5.2.1.tgz 0ms (cache hit)
421 http cache safer-buffer@http://npm.weimob.com/safer-buffer/-/safer-buffer-2.1.2.tgz 0ms (cache hit)
422 http cache react-dom@http://npm.weimob.com/react-dom/-/react-dom-18.3.1.tgz 0ms (cache hit)
423 http cache readable-stream@http://npm.weimob.com/readable-stream/-/readable-stream-3.6.2.tgz 0ms (cache hit)
424 http cache rollup@http://npm.weimob.com/rollup/-/rollup-4.60.2.tgz 0ms (cache hit)
425 http cache rc@http://npm.weimob.com/rc/-/rc-1.2.8.tgz 0ms (cache hit)
426 http cache react-refresh@http://npm.weimob.com/react-refresh/-/react-refresh-0.18.0.tgz 0ms (cache hit)
427 http cache range-parser@http://npm.weimob.com/range-parser/-/range-parser-1.2.1.tgz 0ms (cache hit)
428 http cache qs@http://npm.weimob.com/qs/-/qs-6.14.2.tgz 0ms (cache hit)
429 http cache proxy-addr@http://npm.weimob.com/proxy-addr/-/proxy-addr-2.0.7.tgz 0ms (cache hit)
430 http cache react@http://npm.weimob.com/react/-/react-18.3.1.tgz 0ms (cache hit)
431 http cache raw-body@http://npm.weimob.com/raw-body/-/raw-body-2.5.3.tgz 0ms (cache hit)
432 http cache pump@http://npm.weimob.com/pump/-/pump-3.0.4.tgz 0ms (cache hit)
433 http cache postcss@http://npm.weimob.com/postcss/-/postcss-8.5.12.tgz 0ms (cache hit)
434 http cache picocolors@http://npm.weimob.com/picocolors/-/picocolors-1.1.1.tgz 0ms (cache hit)
435 http cache prebuild-install@http://npm.weimob.com/prebuild-install/-/prebuild-install-7.1.3.tgz 0ms (cache hit)
436 http cache on-finished@http://npm.weimob.com/on-finished/-/on-finished-2.4.1.tgz 0ms (cache hit)
437 http cache parseurl@http://npm.weimob.com/parseurl/-/parseurl-1.3.3.tgz 0ms (cache hit)
438 http cache path-to-regexp@http://npm.weimob.com/path-to-regexp/-/path-to-regexp-0.1.13.tgz 0ms (cache hit)
439 http cache object-inspect@http://npm.weimob.com/object-inspect/-/object-inspect-1.13.4.tgz 0ms (cache hit)
440 http cache node-abi@http://npm.weimob.com/node-abi/-/node-abi-3.89.0.tgz 0ms (cache hit)
441 http cache once@http://npm.weimob.com/once/-/once-1.4.0.tgz 0ms (cache hit)
442 http cache node-releases@http://npm.weimob.com/node-releases/-/node-releases-2.0.38.tgz 0ms (cache hit)
443 http cache negotiator@http://npm.weimob.com/negotiator/-/negotiator-0.6.3.tgz 0ms (cache hit)
444 http cache nanoid@http://npm.weimob.com/nanoid/-/nanoid-3.3.11.tgz 0ms (cache hit)
445 http cache napi-build-utils@http://npm.weimob.com/napi-build-utils/-/napi-build-utils-2.0.0.tgz 0ms (cache hit)
446 http cache ms@http://npm.weimob.com/ms/-/ms-2.1.3.tgz 0ms (cache hit)
447 http cache mkdirp-classic@http://npm.weimob.com/mkdirp-classic/-/mkdirp-classic-0.5.3.tgz 0ms (cache hit)
448 http cache mime-types@http://npm.weimob.com/mime-types/-/mime-types-2.1.35.tgz 0ms (cache hit)
449 http cache minimist@http://npm.weimob.com/minimist/-/minimist-1.2.8.tgz 0ms (cache hit)
450 http cache mime@http://npm.weimob.com/mime/-/mime-1.6.0.tgz 0ms (cache hit)
451 http cache mimic-response@http://npm.weimob.com/mimic-response/-/mimic-response-3.1.0.tgz 0ms (cache hit)
452 http cache methods@http://npm.weimob.com/methods/-/methods-1.1.2.tgz 0ms (cache hit)
453 http cache mime-db@http://npm.weimob.com/mime-db/-/mime-db-1.52.0.tgz 0ms (cache hit)
454 http cache media-typer@http://npm.weimob.com/media-typer/-/media-typer-0.3.0.tgz 0ms (cache hit)
455 http cache merge-descriptors@http://npm.weimob.com/merge-descriptors/-/merge-descriptors-1.0.3.tgz 0ms (cache hit)
456 http cache lucide-react@http://npm.weimob.com/lucide-react/-/lucide-react-0.468.0.tgz 0ms (cache hit)
457 http cache math-intrinsics@http://npm.weimob.com/math-intrinsics/-/math-intrinsics-1.1.0.tgz 0ms (cache hit)
458 http cache lru-cache@http://npm.weimob.com/lru-cache/-/lru-cache-5.1.1.tgz 0ms (cache hit)
459 http cache loose-envify@http://npm.weimob.com/loose-envify/-/loose-envify-1.4.0.tgz 0ms (cache hit)
460 http cache json5@http://npm.weimob.com/json5/-/json5-2.2.3.tgz 0ms (cache hit)
461 http cache js-tokens@http://npm.weimob.com/js-tokens/-/js-tokens-4.0.0.tgz 0ms (cache hit)
462 http cache jsesc@http://npm.weimob.com/jsesc/-/jsesc-3.1.0.tgz 0ms (cache hit)
463 http cache is-fullwidth-code-point@http://npm.weimob.com/is-fullwidth-code-point/-/is-fullwidth-code-point-3.0.0.tgz 0ms (cache hit)
464 http cache ini@http://npm.weimob.com/ini/-/ini-1.3.8.tgz 0ms (cache hit)
465 http cache ieee754@http://npm.weimob.com/ieee754/-/ieee754-1.2.1.tgz 0ms (cache hit)
466 http cache ipaddr.js@http://npm.weimob.com/ipaddr.js/-/ipaddr.js-1.9.1.tgz 0ms (cache hit)
467 http cache iconv-lite@http://npm.weimob.com/iconv-lite/-/iconv-lite-0.4.24.tgz 0ms (cache hit)
468 http cache inherits@http://npm.weimob.com/inherits/-/inherits-2.0.4.tgz 0ms (cache hit)
469 http cache http-errors@http://npm.weimob.com/http-errors/-/http-errors-2.0.1.tgz 0ms (cache hit)
470 http cache hasown@http://npm.weimob.com/hasown/-/hasown-2.0.3.tgz 0ms (cache hit)
471 http cache has-flag@http://npm.weimob.com/has-flag/-/has-flag-4.0.0.tgz 0ms (cache hit)
472 http cache has-symbols@http://npm.weimob.com/has-symbols/-/has-symbols-1.1.0.tgz 0ms (cache hit)
473 http cache gopd@http://npm.weimob.com/gopd/-/gopd-1.2.0.tgz 0ms (cache hit)
474 http cache get-proto@http://npm.weimob.com/get-proto/-/get-proto-1.0.1.tgz 0ms (cache hit)
475 http cache get-caller-file@http://npm.weimob.com/get-caller-file/-/get-caller-file-2.0.5.tgz 0ms (cache hit)
476 http cache github-from-package@http://npm.weimob.com/github-from-package/-/github-from-package-0.0.0.tgz 0ms (cache hit)
477 http cache function-bind@http://npm.weimob.com/function-bind/-/function-bind-1.1.2.tgz 0ms (cache hit)
478 http cache get-intrinsic@http://npm.weimob.com/get-intrinsic/-/get-intrinsic-1.3.1.tgz 0ms (cache hit)
479 http cache gensync@http://npm.weimob.com/gensync/-/gensync-1.0.0-beta.2.tgz 0ms (cache hit)
480 http cache fresh@http://npm.weimob.com/fresh/-/fresh-0.5.2.tgz 0ms (cache hit)
481 http cache fs-constants@http://npm.weimob.com/fs-constants/-/fs-constants-1.0.0.tgz 0ms (cache hit)
482 http cache finalhandler@http://npm.weimob.com/finalhandler/-/finalhandler-1.3.2.tgz 0ms (cache hit)
483 http cache express@http://npm.weimob.com/express/-/express-4.22.1.tgz 0ms (cache hit)
484 http cache expand-template@http://npm.weimob.com/expand-template/-/expand-template-2.0.3.tgz 0ms (cache hit)
485 http cache forwarded@http://npm.weimob.com/forwarded/-/forwarded-0.2.0.tgz 0ms (cache hit)
486 http cache generator-function@http://npm.weimob.com/generator-function/-/generator-function-2.0.1.tgz 0ms (cache hit)
487 http cache file-uri-to-path@http://npm.weimob.com/file-uri-to-path/-/file-uri-to-path-1.0.0.tgz 0ms (cache hit)
488 http cache escape-html@http://npm.weimob.com/escape-html/-/escape-html-1.0.3.tgz 0ms (cache hit)
489 http cache escalade@http://npm.weimob.com/escalade/-/escalade-3.2.0.tgz 0ms (cache hit)
490 http cache es-object-atoms@http://npm.weimob.com/es-object-atoms/-/es-object-atoms-1.1.1.tgz 0ms (cache hit)
491 http cache esbuild@http://npm.weimob.com/esbuild/-/esbuild-0.21.5.tgz 0ms (cache hit)
492 http cache encodeurl@http://npm.weimob.com/encodeurl/-/encodeurl-2.0.0.tgz 0ms (cache hit)
493 http cache es-errors@http://npm.weimob.com/es-errors/-/es-errors-1.3.0.tgz 0ms (cache hit)
494 http cache ee-first@http://npm.weimob.com/ee-first/-/ee-first-1.1.1.tgz 0ms (cache hit)
495 http cache es-define-property@http://npm.weimob.com/es-define-property/-/es-define-property-1.0.1.tgz 0ms (cache hit)
496 http cache etag@http://npm.weimob.com/etag/-/etag-1.8.1.tgz 0ms (cache hit)
497 http cache emoji-regex@http://npm.weimob.com/emoji-regex/-/emoji-regex-8.0.0.tgz 0ms (cache hit)
498 http cache end-of-stream@http://npm.weimob.com/end-of-stream/-/end-of-stream-1.4.5.tgz 0ms (cache hit)
499 http cache detect-libc@http://npm.weimob.com/detect-libc/-/detect-libc-2.1.2.tgz 0ms (cache hit)
500 http cache depd@http://npm.weimob.com/depd/-/depd-2.0.0.tgz 0ms (cache hit)
501 http cache dunder-proto@http://npm.weimob.com/dunder-proto/-/dunder-proto-1.0.1.tgz 0ms (cache hit)
502 http cache destroy@http://npm.weimob.com/destroy/-/destroy-1.2.0.tgz 0ms (cache hit)
503 http cache electron-to-chromium@http://npm.weimob.com/electron-to-chromium/-/electron-to-chromium-1.5.345.tgz 0ms (cache hit)
504 http cache deep-extend@http://npm.weimob.com/deep-extend/-/deep-extend-0.6.0.tgz 0ms (cache hit)
505 http cache debug@http://npm.weimob.com/debug/-/debug-4.4.3.tgz 0ms (cache hit)
506 http cache decompress-response@http://npm.weimob.com/decompress-response/-/decompress-response-6.0.0.tgz 0ms (cache hit)
507 http cache cookie-signature@http://npm.weimob.com/cookie-signature/-/cookie-signature-1.0.7.tgz 0ms (cache hit)
508 http cache cookie@http://npm.weimob.com/cookie/-/cookie-0.7.2.tgz 0ms (cache hit)
509 http cache content-disposition@http://npm.weimob.com/content-disposition/-/content-disposition-0.5.4.tgz 0ms (cache hit)
510 http cache convert-source-map@http://npm.weimob.com/convert-source-map/-/convert-source-map-2.0.0.tgz 0ms (cache hit)
511 http cache content-type@http://npm.weimob.com/content-type/-/content-type-1.0.5.tgz 0ms (cache hit)
512 http cache concurrently@http://npm.weimob.com/concurrently/-/concurrently-9.2.1.tgz 0ms (cache hit)
513 http cache color-name@http://npm.weimob.com/color-name/-/color-name-1.1.4.tgz 0ms (cache hit)
514 http cache color-convert@http://npm.weimob.com/color-convert/-/color-convert-2.0.1.tgz 0ms (cache hit)
515 http cache caniuse-lite@http://npm.weimob.com/caniuse-lite/-/caniuse-lite-1.0.30001791.tgz 0ms (cache hit)
516 http cache chownr@http://npm.weimob.com/chownr/-/chownr-1.1.4.tgz 0ms (cache hit)
517 http cache cliui@http://npm.weimob.com/cliui/-/cliui-8.0.1.tgz 0ms (cache hit)
518 http cache chalk@http://npm.weimob.com/chalk/-/chalk-4.1.2.tgz 0ms (cache hit)
519 http cache bytes@http://npm.weimob.com/bytes/-/bytes-3.1.2.tgz 0ms (cache hit)
520 http cache call-bind-apply-helpers@http://npm.weimob.com/call-bind-apply-helpers/-/call-bind-apply-helpers-1.0.2.tgz 0ms (cache hit)
521 http cache buffer@http://npm.weimob.com/buffer/-/buffer-5.7.1.tgz 0ms (cache hit)
522 http cache call-bound@http://npm.weimob.com/call-bound/-/call-bound-1.0.4.tgz 0ms (cache hit)
523 http cache browserslist@http://npm.weimob.com/browserslist/-/browserslist-4.28.2.tgz 0ms (cache hit)
524 http cache bl@http://npm.weimob.com/bl/-/bl-4.1.0.tgz 0ms (cache hit)
525 http cache bindings@http://npm.weimob.com/bindings/-/bindings-1.5.0.tgz 0ms (cache hit)
526 http cache body-parser@http://npm.weimob.com/body-parser/-/body-parser-1.20.5.tgz 0ms (cache hit)
527 http cache async-generator-function@http://npm.weimob.com/async-generator-function/-/async-generator-function-1.0.0.tgz 0ms (cache hit)
528 http cache better-sqlite3@http://npm.weimob.com/better-sqlite3/-/better-sqlite3-12.9.0.tgz 0ms (cache hit)
529 http cache async-function@http://npm.weimob.com/async-function/-/async-function-1.0.0.tgz 0ms (cache hit)
530 http cache baseline-browser-mapping@http://npm.weimob.com/baseline-browser-mapping/-/baseline-browser-mapping-2.10.24.tgz 0ms (cache hit)
531 http cache ansi-regex@http://npm.weimob.com/ansi-regex/-/ansi-regex-5.0.1.tgz 0ms (cache hit)
532 http cache array-flatten@http://npm.weimob.com/array-flatten/-/array-flatten-1.1.1.tgz 0ms (cache hit)
533 http cache base64-js@http://npm.weimob.com/base64-js/-/base64-js-1.5.1.tgz 0ms (cache hit)
534 http cache accepts@http://npm.weimob.com/accepts/-/accepts-1.3.8.tgz 0ms (cache hit)
535 http cache ansi-styles@http://npm.weimob.com/ansi-styles/-/ansi-styles-4.3.0.tgz 0ms (cache hit)
536 http cache debug@http://npm.weimob.com/debug/-/debug-2.6.9.tgz 1ms (cache hit)
537 http cache ms@http://npm.weimob.com/ms/-/ms-2.0.0.tgz 0ms (cache hit)
538 http cache semver@http://npm.weimob.com/semver/-/semver-7.7.4.tgz 0ms (cache hit)
539 http cache ms@http://npm.weimob.com/ms/-/ms-2.0.0.tgz 0ms (cache hit)
540 http cache ms@http://npm.weimob.com/ms/-/ms-2.0.0.tgz 0ms (cache hit)
541 http cache debug@http://npm.weimob.com/debug/-/debug-2.6.9.tgz 0ms (cache hit)
542 http cache debug@http://npm.weimob.com/debug/-/debug-2.6.9.tgz 0ms (cache hit)
543 http cache supports-color@http://npm.weimob.com/supports-color/-/supports-color-7.2.0.tgz 0ms (cache hit)
544 http cache qs@http://npm.weimob.com/qs/-/qs-6.15.1.tgz 0ms (cache hit)
545 silly tarball no local data for @vitejs/plugin-react@http://npm.weimob.com/@vitejs%2fplugin-react/-/plugin-react-5.2.0.tgz. Extracting by manifest.
546 http cache ms@http://npm.weimob.com/ms/-/ms-2.0.0.tgz 0ms (cache hit)
547 http cache debug@http://npm.weimob.com/debug/-/debug-2.6.9.tgz 0ms (cache hit)
548 silly tarball no local data for @types/estree@http://npm.weimob.com/@types%2festree/-/estree-1.0.8.tgz. Extracting by manifest.
549 silly tarball no local data for @types/babel__traverse@http://npm.weimob.com/@types%2fbabel__traverse/-/babel__traverse-7.28.0.tgz. Extracting by manifest.
550 silly tarball no local data for @types/babel__template@http://npm.weimob.com/@types%2fbabel__template/-/babel__template-7.4.4.tgz. Extracting by manifest.
551 silly tarball no local data for @rollup/rollup-win32-x64-msvc@http://npm.weimob.com/@rollup%2frollup-win32-x64-msvc/-/rollup-win32-x64-msvc-4.60.2.tgz. Extracting by manifest.
552 silly tarball no local data for @types/babel__generator@http://npm.weimob.com/@types%2fbabel__generator/-/babel__generator-7.27.0.tgz. Extracting by manifest.
553 silly tarball no local data for @types/babel__core@http://npm.weimob.com/@types%2fbabel__core/-/babel__core-7.20.5.tgz. Extracting by manifest.
554 silly tarball no local data for @rollup/rollup-win32-x64-gnu@http://npm.weimob.com/@rollup%2frollup-win32-x64-gnu/-/rollup-win32-x64-gnu-4.60.2.tgz. Extracting by manifest.
555 silly tarball no local data for @rolldown/pluginutils@http://npm.weimob.com/@rolldown%2fpluginutils/-/pluginutils-1.0.0-rc.3.tgz. Extracting by manifest.
556 silly tarball no local data for @jridgewell/resolve-uri@http://npm.weimob.com/@jridgewell%2fresolve-uri/-/resolve-uri-3.1.2.tgz. Extracting by manifest.
557 silly tarball no local data for @jridgewell/sourcemap-codec@http://npm.weimob.com/@jridgewell%2fsourcemap-codec/-/sourcemap-codec-1.5.5.tgz. Extracting by manifest.
558 silly tarball no local data for @jridgewell/gen-mapping@http://npm.weimob.com/@jridgewell%2fgen-mapping/-/gen-mapping-0.3.13.tgz. Extracting by manifest.
559 silly tarball no local data for @jridgewell/remapping@http://npm.weimob.com/@jridgewell%2fremapping/-/remapping-2.3.5.tgz. Extracting by manifest.
560 silly tarball no local data for @jridgewell/trace-mapping@http://npm.weimob.com/@jridgewell%2ftrace-mapping/-/trace-mapping-0.3.31.tgz. Extracting by manifest.
561 silly tarball no local data for @esbuild/win32-x64@http://npm.weimob.com/@esbuild%2fwin32-x64/-/win32-x64-0.21.5.tgz. Extracting by manifest.
562 silly tarball no local data for @babel/types@http://npm.weimob.com/@babel%2ftypes/-/types-7.29.0.tgz. Extracting by manifest.
563 silly tarball no local data for @babel/traverse@http://npm.weimob.com/@babel%2ftraverse/-/traverse-7.29.0.tgz. Extracting by manifest.
564 silly tarball no local data for @babel/plugin-transform-react-jsx-self@http://npm.weimob.com/@babel%2fplugin-transform-react-jsx-self/-/plugin-transform-react-jsx-self-7.27.1.tgz. Extracting by manifest.
565 silly tarball no local data for @babel/template@http://npm.weimob.com/@babel%2ftemplate/-/template-7.28.6.tgz. Extracting by manifest.
566 silly tarball no local data for @babel/plugin-transform-react-jsx-source@http://npm.weimob.com/@babel%2fplugin-transform-react-jsx-source/-/plugin-transform-react-jsx-source-7.27.1.tgz. Extracting by manifest.
567 silly tarball no local data for @babel/helper-validator-option@http://npm.weimob.com/@babel%2fhelper-validator-option/-/helper-validator-option-7.27.1.tgz. Extracting by manifest.
568 silly tarball no local data for @babel/parser@http://npm.weimob.com/@babel%2fparser/-/parser-7.29.2.tgz. Extracting by manifest.
569 silly tarball no local data for @babel/helper-validator-identifier@http://npm.weimob.com/@babel%2fhelper-validator-identifier/-/helper-validator-identifier-7.28.5.tgz. Extracting by manifest.
570 silly tarball no local data for @babel/helper-plugin-utils@http://npm.weimob.com/@babel%2fhelper-plugin-utils/-/helper-plugin-utils-7.28.6.tgz. Extracting by manifest.
571 silly tarball no local data for @babel/helpers@http://npm.weimob.com/@babel%2fhelpers/-/helpers-7.29.2.tgz. Extracting by manifest.
572 silly tarball no local data for @babel/helper-compilation-targets@http://npm.weimob.com/@babel%2fhelper-compilation-targets/-/helper-compilation-targets-7.28.6.tgz. Extracting by manifest.
573 silly tarball no local data for @babel/helper-string-parser@http://npm.weimob.com/@babel%2fhelper-string-parser/-/helper-string-parser-7.27.1.tgz. Extracting by manifest.
574 silly tarball no local data for @babel/helper-module-imports@http://npm.weimob.com/@babel%2fhelper-module-imports/-/helper-module-imports-7.28.6.tgz. Extracting by manifest.
575 silly tarball no local data for @babel/helper-module-transforms@http://npm.weimob.com/@babel%2fhelper-module-transforms/-/helper-module-transforms-7.28.6.tgz. Extracting by manifest.
576 silly tarball no local data for @babel/helper-globals@http://npm.weimob.com/@babel%2fhelper-globals/-/helper-globals-7.28.0.tgz. Extracting by manifest.
577 silly tarball no local data for @babel/core@http://npm.weimob.com/@babel%2fcore/-/core-7.29.0.tgz. Extracting by manifest.
578 silly tarball no local data for toidentifier@http://npm.weimob.com/toidentifier/-/toidentifier-1.0.1.tgz. Extracting by manifest.
579 silly tarball no local data for tslib@http://npm.weimob.com/tslib/-/tslib-2.8.1.tgz. Extracting by manifest.
580 silly tarball no local data for yargs-parser@http://npm.weimob.com/yargs-parser/-/yargs-parser-21.1.1.tgz. Extracting by manifest.
581 silly tarball no local data for yargs@http://npm.weimob.com/yargs/-/yargs-17.7.2.tgz. Extracting by manifest.
582 silly tarball no local data for yallist@http://npm.weimob.com/yallist/-/yallist-3.1.1.tgz. Extracting by manifest.
583 silly tarball no local data for @babel/compat-data@http://npm.weimob.com/@babel%2fcompat-data/-/compat-data-7.29.0.tgz. Extracting by manifest.
584 silly tarball no local data for y18n@http://npm.weimob.com/y18n/-/y18n-5.0.8.tgz. Extracting by manifest.
585 silly tarball no local data for @babel/generator@http://npm.weimob.com/@babel%2fgenerator/-/generator-7.29.1.tgz. Extracting by manifest.
586 silly tarball no local data for @babel/code-frame@http://npm.weimob.com/@babel%2fcode-frame/-/code-frame-7.29.0.tgz. Extracting by manifest.
587 silly tarball no local data for ws@http://npm.weimob.com/ws/-/ws-8.20.0.tgz. Extracting by manifest.
588 silly tarball no local data for wrappy@http://npm.weimob.com/wrappy/-/wrappy-1.0.2.tgz. Extracting by manifest.
589 silly tarball no local data for vary@http://npm.weimob.com/vary/-/vary-1.1.2.tgz. Extracting by manifest.
590 silly tarball no local data for wrap-ansi@http://npm.weimob.com/wrap-ansi/-/wrap-ansi-7.0.0.tgz. Extracting by manifest.
591 silly tarball no local data for vite@http://npm.weimob.com/vite/-/vite-5.4.21.tgz. Extracting by manifest.
592 silly tarball no local data for utils-merge@http://npm.weimob.com/utils-merge/-/utils-merge-1.0.1.tgz. Extracting by manifest.
593 silly tarball no local data for util-deprecate@http://npm.weimob.com/util-deprecate/-/util-deprecate-1.0.2.tgz. Extracting by manifest.
594 silly tarball no local data for update-browserslist-db@http://npm.weimob.com/update-browserslist-db/-/update-browserslist-db-1.2.3.tgz. Extracting by manifest.
595 silly tarball no local data for unpipe@http://npm.weimob.com/unpipe/-/unpipe-1.0.0.tgz. Extracting by manifest.
596 silly tarball no local data for type-is@http://npm.weimob.com/type-is/-/type-is-1.6.18.tgz. Extracting by manifest.
597 silly tarball no local data for tunnel-agent@http://npm.weimob.com/tunnel-agent/-/tunnel-agent-0.6.0.tgz. Extracting by manifest.
598 silly tarball no local data for tar-stream@http://npm.weimob.com/tar-stream/-/tar-stream-2.2.0.tgz. Extracting by manifest.
599 silly tarball no local data for tar-fs@http://npm.weimob.com/tar-fs/-/tar-fs-2.1.4.tgz. Extracting by manifest.
600 silly tarball no local data for tree-kill@http://npm.weimob.com/tree-kill/-/tree-kill-1.2.2.tgz. Extracting by manifest.
601 silly tarball no local data for supports-color@http://npm.weimob.com/supports-color/-/supports-color-8.1.1.tgz. Extracting by manifest.
602 silly tarball no local data for strip-ansi@http://npm.weimob.com/strip-ansi/-/strip-ansi-6.0.1.tgz. Extracting by manifest.
603 silly tarball no local data for strip-json-comments@http://npm.weimob.com/strip-json-comments/-/strip-json-comments-2.0.1.tgz. Extracting by manifest.
604 silly tarball no local data for string-width@http://npm.weimob.com/string-width/-/string-width-4.2.3.tgz. Extracting by manifest.
605 silly tarball no local data for statuses@http://npm.weimob.com/statuses/-/statuses-2.0.2.tgz. Extracting by manifest.
606 silly tarball no local data for string_decoder@http://npm.weimob.com/string_decoder/-/string_decoder-1.3.0.tgz. Extracting by manifest.
607 silly tarball no local data for source-map-js@http://npm.weimob.com/source-map-js/-/source-map-js-1.2.1.tgz. Extracting by manifest.
608 silly tarball no local data for simple-get@http://npm.weimob.com/simple-get/-/simple-get-4.0.1.tgz. Extracting by manifest.
609 silly tarball no local data for side-channel-weakmap@http://npm.weimob.com/side-channel-weakmap/-/side-channel-weakmap-1.0.2.tgz. Extracting by manifest.
610 silly tarball no local data for side-channel-map@http://npm.weimob.com/side-channel-map/-/side-channel-map-1.0.1.tgz. Extracting by manifest.
611 silly tarball no local data for simple-concat@http://npm.weimob.com/simple-concat/-/simple-concat-1.0.1.tgz. Extracting by manifest.
612 silly tarball no local data for side-channel@http://npm.weimob.com/side-channel/-/side-channel-1.1.0.tgz. Extracting by manifest.
613 silly tarball no local data for side-channel-list@http://npm.weimob.com/side-channel-list/-/side-channel-list-1.0.1.tgz. Extracting by manifest.
614 silly tarball no local data for setprototypeof@http://npm.weimob.com/setprototypeof/-/setprototypeof-1.2.0.tgz. Extracting by manifest.
615 silly tarball no local data for shell-quote@http://npm.weimob.com/shell-quote/-/shell-quote-1.8.3.tgz. Extracting by manifest.
616 silly tarball no local data for serve-static@http://npm.weimob.com/serve-static/-/serve-static-1.16.3.tgz. Extracting by manifest.
617 silly tarball no local data for scheduler@http://npm.weimob.com/scheduler/-/scheduler-0.23.2.tgz. Extracting by manifest.
618 silly tarball no local data for send@http://npm.weimob.com/send/-/send-0.19.2.tgz. Extracting by manifest.
619 silly tarball no local data for semver@http://npm.weimob.com/semver/-/semver-6.3.1.tgz. Extracting by manifest.
620 silly tarball no local data for rxjs@http://npm.weimob.com/rxjs/-/rxjs-7.8.2.tgz. Extracting by manifest.
621 silly tarball no local data for require-directory@http://npm.weimob.com/require-directory/-/require-directory-2.1.1.tgz. Extracting by manifest.
622 silly tarball no local data for safe-buffer@http://npm.weimob.com/safe-buffer/-/safe-buffer-5.2.1.tgz. Extracting by manifest.
623 silly tarball no local data for safer-buffer@http://npm.weimob.com/safer-buffer/-/safer-buffer-2.1.2.tgz. Extracting by manifest.
624 silly tarball no local data for react-dom@http://npm.weimob.com/react-dom/-/react-dom-18.3.1.tgz. Extracting by manifest.
625 silly tarball no local data for readable-stream@http://npm.weimob.com/readable-stream/-/readable-stream-3.6.2.tgz. Extracting by manifest.
626 silly tarball no local data for rollup@http://npm.weimob.com/rollup/-/rollup-4.60.2.tgz. Extracting by manifest.
627 silly tarball no local data for rc@http://npm.weimob.com/rc/-/rc-1.2.8.tgz. Extracting by manifest.
628 silly tarball no local data for react-refresh@http://npm.weimob.com/react-refresh/-/react-refresh-0.18.0.tgz. Extracting by manifest.
629 silly tarball no local data for range-parser@http://npm.weimob.com/range-parser/-/range-parser-1.2.1.tgz. Extracting by manifest.
630 silly tarball no local data for qs@http://npm.weimob.com/qs/-/qs-6.14.2.tgz. Extracting by manifest.
631 silly tarball no local data for proxy-addr@http://npm.weimob.com/proxy-addr/-/proxy-addr-2.0.7.tgz. Extracting by manifest.
632 silly tarball no local data for react@http://npm.weimob.com/react/-/react-18.3.1.tgz. Extracting by manifest.
633 silly tarball no local data for raw-body@http://npm.weimob.com/raw-body/-/raw-body-2.5.3.tgz. Extracting by manifest.
634 silly tarball no local data for pump@http://npm.weimob.com/pump/-/pump-3.0.4.tgz. Extracting by manifest.
635 silly tarball no local data for postcss@http://npm.weimob.com/postcss/-/postcss-8.5.12.tgz. Extracting by manifest.
636 silly tarball no local data for picocolors@http://npm.weimob.com/picocolors/-/picocolors-1.1.1.tgz. Extracting by manifest.
637 silly tarball no local data for prebuild-install@http://npm.weimob.com/prebuild-install/-/prebuild-install-7.1.3.tgz. Extracting by manifest.
638 silly tarball no local data for on-finished@http://npm.weimob.com/on-finished/-/on-finished-2.4.1.tgz. Extracting by manifest.
639 silly tarball no local data for parseurl@http://npm.weimob.com/parseurl/-/parseurl-1.3.3.tgz. Extracting by manifest.
640 silly tarball no local data for path-to-regexp@http://npm.weimob.com/path-to-regexp/-/path-to-regexp-0.1.13.tgz. Extracting by manifest.
641 silly tarball no local data for object-inspect@http://npm.weimob.com/object-inspect/-/object-inspect-1.13.4.tgz. Extracting by manifest.
642 silly tarball no local data for node-abi@http://npm.weimob.com/node-abi/-/node-abi-3.89.0.tgz. Extracting by manifest.
643 silly tarball no local data for once@http://npm.weimob.com/once/-/once-1.4.0.tgz. Extracting by manifest.
644 silly tarball no local data for node-releases@http://npm.weimob.com/node-releases/-/node-releases-2.0.38.tgz. Extracting by manifest.
645 silly tarball no local data for negotiator@http://npm.weimob.com/negotiator/-/negotiator-0.6.3.tgz. Extracting by manifest.
646 silly tarball no local data for nanoid@http://npm.weimob.com/nanoid/-/nanoid-3.3.11.tgz. Extracting by manifest.
647 silly tarball no local data for napi-build-utils@http://npm.weimob.com/napi-build-utils/-/napi-build-utils-2.0.0.tgz. Extracting by manifest.
648 silly tarball no local data for ms@http://npm.weimob.com/ms/-/ms-2.1.3.tgz. Extracting by manifest.
649 silly tarball no local data for mkdirp-classic@http://npm.weimob.com/mkdirp-classic/-/mkdirp-classic-0.5.3.tgz. Extracting by manifest.
650 silly tarball no local data for mime-types@http://npm.weimob.com/mime-types/-/mime-types-2.1.35.tgz. Extracting by manifest.
651 silly tarball no local data for minimist@http://npm.weimob.com/minimist/-/minimist-1.2.8.tgz. Extracting by manifest.
652 silly tarball no local data for mime@http://npm.weimob.com/mime/-/mime-1.6.0.tgz. Extracting by manifest.
653 silly tarball no local data for mimic-response@http://npm.weimob.com/mimic-response/-/mimic-response-3.1.0.tgz. Extracting by manifest.
654 silly tarball no local data for methods@http://npm.weimob.com/methods/-/methods-1.1.2.tgz. Extracting by manifest.
655 silly tarball no local data for mime-db@http://npm.weimob.com/mime-db/-/mime-db-1.52.0.tgz. Extracting by manifest.
656 silly tarball no local data for media-typer@http://npm.weimob.com/media-typer/-/media-typer-0.3.0.tgz. Extracting by manifest.
657 silly tarball no local data for merge-descriptors@http://npm.weimob.com/merge-descriptors/-/merge-descriptors-1.0.3.tgz. Extracting by manifest.
658 silly tarball no local data for lucide-react@http://npm.weimob.com/lucide-react/-/lucide-react-0.468.0.tgz. Extracting by manifest.
659 silly tarball no local data for math-intrinsics@http://npm.weimob.com/math-intrinsics/-/math-intrinsics-1.1.0.tgz. Extracting by manifest.
660 silly tarball no local data for lru-cache@http://npm.weimob.com/lru-cache/-/lru-cache-5.1.1.tgz. Extracting by manifest.
661 silly tarball no local data for loose-envify@http://npm.weimob.com/loose-envify/-/loose-envify-1.4.0.tgz. Extracting by manifest.
662 silly tarball no local data for json5@http://npm.weimob.com/json5/-/json5-2.2.3.tgz. Extracting by manifest.
663 silly tarball no local data for js-tokens@http://npm.weimob.com/js-tokens/-/js-tokens-4.0.0.tgz. Extracting by manifest.
664 silly tarball no local data for jsesc@http://npm.weimob.com/jsesc/-/jsesc-3.1.0.tgz. Extracting by manifest.
665 silly tarball no local data for is-fullwidth-code-point@http://npm.weimob.com/is-fullwidth-code-point/-/is-fullwidth-code-point-3.0.0.tgz. Extracting by manifest.
666 silly tarball no local data for ini@http://npm.weimob.com/ini/-/ini-1.3.8.tgz. Extracting by manifest.
667 silly tarball no local data for ieee754@http://npm.weimob.com/ieee754/-/ieee754-1.2.1.tgz. Extracting by manifest.
668 silly tarball no local data for ipaddr.js@http://npm.weimob.com/ipaddr.js/-/ipaddr.js-1.9.1.tgz. Extracting by manifest.
669 silly tarball no local data for iconv-lite@http://npm.weimob.com/iconv-lite/-/iconv-lite-0.4.24.tgz. Extracting by manifest.
670 silly tarball no local data for inherits@http://npm.weimob.com/inherits/-/inherits-2.0.4.tgz. Extracting by manifest.
671 silly tarball no local data for http-errors@http://npm.weimob.com/http-errors/-/http-errors-2.0.1.tgz. Extracting by manifest.
672 silly tarball no local data for hasown@http://npm.weimob.com/hasown/-/hasown-2.0.3.tgz. Extracting by manifest.
673 silly tarball no local data for has-flag@http://npm.weimob.com/has-flag/-/has-flag-4.0.0.tgz. Extracting by manifest.
674 silly tarball no local data for has-symbols@http://npm.weimob.com/has-symbols/-/has-symbols-1.1.0.tgz. Extracting by manifest.
675 silly tarball no local data for gopd@http://npm.weimob.com/gopd/-/gopd-1.2.0.tgz. Extracting by manifest.
676 silly tarball no local data for get-proto@http://npm.weimob.com/get-proto/-/get-proto-1.0.1.tgz. Extracting by manifest.
677 silly tarball no local data for get-caller-file@http://npm.weimob.com/get-caller-file/-/get-caller-file-2.0.5.tgz. Extracting by manifest.
678 silly tarball no local data for github-from-package@http://npm.weimob.com/github-from-package/-/github-from-package-0.0.0.tgz. Extracting by manifest.
679 silly tarball no local data for function-bind@http://npm.weimob.com/function-bind/-/function-bind-1.1.2.tgz. Extracting by manifest.
680 silly tarball no local data for get-intrinsic@http://npm.weimob.com/get-intrinsic/-/get-intrinsic-1.3.1.tgz. Extracting by manifest.
681 silly tarball no local data for gensync@http://npm.weimob.com/gensync/-/gensync-1.0.0-beta.2.tgz. Extracting by manifest.
682 silly tarball no local data for fresh@http://npm.weimob.com/fresh/-/fresh-0.5.2.tgz. Extracting by manifest.
683 silly tarball no local data for fs-constants@http://npm.weimob.com/fs-constants/-/fs-constants-1.0.0.tgz. Extracting by manifest.
684 silly tarball no local data for finalhandler@http://npm.weimob.com/finalhandler/-/finalhandler-1.3.2.tgz. Extracting by manifest.
685 silly tarball no local data for express@http://npm.weimob.com/express/-/express-4.22.1.tgz. Extracting by manifest.
686 silly tarball no local data for expand-template@http://npm.weimob.com/expand-template/-/expand-template-2.0.3.tgz. Extracting by manifest.
687 silly tarball no local data for forwarded@http://npm.weimob.com/forwarded/-/forwarded-0.2.0.tgz. Extracting by manifest.
688 silly tarball no local data for generator-function@http://npm.weimob.com/generator-function/-/generator-function-2.0.1.tgz. Extracting by manifest.
689 silly tarball no local data for file-uri-to-path@http://npm.weimob.com/file-uri-to-path/-/file-uri-to-path-1.0.0.tgz. Extracting by manifest.
690 silly tarball no local data for escape-html@http://npm.weimob.com/escape-html/-/escape-html-1.0.3.tgz. Extracting by manifest.
691 silly tarball no local data for escalade@http://npm.weimob.com/escalade/-/escalade-3.2.0.tgz. Extracting by manifest.
692 silly tarball no local data for es-object-atoms@http://npm.weimob.com/es-object-atoms/-/es-object-atoms-1.1.1.tgz. Extracting by manifest.
693 silly tarball no local data for esbuild@http://npm.weimob.com/esbuild/-/esbuild-0.21.5.tgz. Extracting by manifest.
694 silly tarball no local data for encodeurl@http://npm.weimob.com/encodeurl/-/encodeurl-2.0.0.tgz. Extracting by manifest.
695 silly tarball no local data for es-errors@http://npm.weimob.com/es-errors/-/es-errors-1.3.0.tgz. Extracting by manifest.
696 silly tarball no local data for ee-first@http://npm.weimob.com/ee-first/-/ee-first-1.1.1.tgz. Extracting by manifest.
697 silly tarball no local data for es-define-property@http://npm.weimob.com/es-define-property/-/es-define-property-1.0.1.tgz. Extracting by manifest.
698 silly tarball no local data for etag@http://npm.weimob.com/etag/-/etag-1.8.1.tgz. Extracting by manifest.
699 silly tarball no local data for emoji-regex@http://npm.weimob.com/emoji-regex/-/emoji-regex-8.0.0.tgz. Extracting by manifest.
700 silly tarball no local data for end-of-stream@http://npm.weimob.com/end-of-stream/-/end-of-stream-1.4.5.tgz. Extracting by manifest.
701 silly tarball no local data for detect-libc@http://npm.weimob.com/detect-libc/-/detect-libc-2.1.2.tgz. Extracting by manifest.
702 silly tarball no local data for depd@http://npm.weimob.com/depd/-/depd-2.0.0.tgz. Extracting by manifest.
703 silly tarball no local data for dunder-proto@http://npm.weimob.com/dunder-proto/-/dunder-proto-1.0.1.tgz. Extracting by manifest.
704 silly tarball no local data for destroy@http://npm.weimob.com/destroy/-/destroy-1.2.0.tgz. Extracting by manifest.
705 silly tarball no local data for electron-to-chromium@http://npm.weimob.com/electron-to-chromium/-/electron-to-chromium-1.5.345.tgz. Extracting by manifest.
706 silly tarball no local data for deep-extend@http://npm.weimob.com/deep-extend/-/deep-extend-0.6.0.tgz. Extracting by manifest.
707 silly tarball no local data for debug@http://npm.weimob.com/debug/-/debug-4.4.3.tgz. Extracting by manifest.
708 silly tarball no local data for decompress-response@http://npm.weimob.com/decompress-response/-/decompress-response-6.0.0.tgz. Extracting by manifest.
709 silly tarball no local data for cookie-signature@http://npm.weimob.com/cookie-signature/-/cookie-signature-1.0.7.tgz. Extracting by manifest.
710 silly tarball no local data for cookie@http://npm.weimob.com/cookie/-/cookie-0.7.2.tgz. Extracting by manifest.
711 silly tarball no local data for content-disposition@http://npm.weimob.com/content-disposition/-/content-disposition-0.5.4.tgz. Extracting by manifest.
712 silly tarball no local data for convert-source-map@http://npm.weimob.com/convert-source-map/-/convert-source-map-2.0.0.tgz. Extracting by manifest.
713 silly tarball no local data for content-type@http://npm.weimob.com/content-type/-/content-type-1.0.5.tgz. Extracting by manifest.
714 silly tarball no local data for concurrently@http://npm.weimob.com/concurrently/-/concurrently-9.2.1.tgz. Extracting by manifest.
715 silly tarball no local data for color-name@http://npm.weimob.com/color-name/-/color-name-1.1.4.tgz. Extracting by manifest.
716 silly tarball no local data for color-convert@http://npm.weimob.com/color-convert/-/color-convert-2.0.1.tgz. Extracting by manifest.
717 silly tarball no local data for caniuse-lite@http://npm.weimob.com/caniuse-lite/-/caniuse-lite-1.0.30001791.tgz. Extracting by manifest.
718 silly tarball no local data for chownr@http://npm.weimob.com/chownr/-/chownr-1.1.4.tgz. Extracting by manifest.
719 silly tarball no local data for cliui@http://npm.weimob.com/cliui/-/cliui-8.0.1.tgz. Extracting by manifest.
720 silly tarball no local data for chalk@http://npm.weimob.com/chalk/-/chalk-4.1.2.tgz. Extracting by manifest.
721 silly tarball no local data for bytes@http://npm.weimob.com/bytes/-/bytes-3.1.2.tgz. Extracting by manifest.
722 silly tarball no local data for call-bind-apply-helpers@http://npm.weimob.com/call-bind-apply-helpers/-/call-bind-apply-helpers-1.0.2.tgz. Extracting by manifest.
723 silly tarball no local data for buffer@http://npm.weimob.com/buffer/-/buffer-5.7.1.tgz. Extracting by manifest.
724 silly tarball no local data for call-bound@http://npm.weimob.com/call-bound/-/call-bound-1.0.4.tgz. Extracting by manifest.
725 silly tarball no local data for browserslist@http://npm.weimob.com/browserslist/-/browserslist-4.28.2.tgz. Extracting by manifest.
726 silly tarball no local data for bl@http://npm.weimob.com/bl/-/bl-4.1.0.tgz. Extracting by manifest.
727 silly tarball no local data for bindings@http://npm.weimob.com/bindings/-/bindings-1.5.0.tgz. Extracting by manifest.
728 silly tarball no local data for body-parser@http://npm.weimob.com/body-parser/-/body-parser-1.20.5.tgz. Extracting by manifest.
729 silly tarball no local data for async-generator-function@http://npm.weimob.com/async-generator-function/-/async-generator-function-1.0.0.tgz. Extracting by manifest.
730 silly tarball no local data for better-sqlite3@http://npm.weimob.com/better-sqlite3/-/better-sqlite3-12.9.0.tgz. Extracting by manifest.
731 silly tarball no local data for async-function@http://npm.weimob.com/async-function/-/async-function-1.0.0.tgz. Extracting by manifest.
732 silly tarball no local data for baseline-browser-mapping@http://npm.weimob.com/baseline-browser-mapping/-/baseline-browser-mapping-2.10.24.tgz. Extracting by manifest.
733 silly tarball no local data for ansi-regex@http://npm.weimob.com/ansi-regex/-/ansi-regex-5.0.1.tgz. Extracting by manifest.
734 silly tarball no local data for array-flatten@http://npm.weimob.com/array-flatten/-/array-flatten-1.1.1.tgz. Extracting by manifest.
735 silly tarball no local data for base64-js@http://npm.weimob.com/base64-js/-/base64-js-1.5.1.tgz. Extracting by manifest.
736 silly tarball no local data for accepts@http://npm.weimob.com/accepts/-/accepts-1.3.8.tgz. Extracting by manifest.
737 silly tarball no local data for ansi-styles@http://npm.weimob.com/ansi-styles/-/ansi-styles-4.3.0.tgz. Extracting by manifest.
738 silly tarball no local data for debug@http://npm.weimob.com/debug/-/debug-2.6.9.tgz. Extracting by manifest.
739 silly tarball no local data for ms@http://npm.weimob.com/ms/-/ms-2.0.0.tgz. Extracting by manifest.
740 silly tarball no local data for semver@http://npm.weimob.com/semver/-/semver-7.7.4.tgz. Extracting by manifest.
741 silly tarball no local data for ms@http://npm.weimob.com/ms/-/ms-2.0.0.tgz. Extracting by manifest.
742 silly tarball no local data for ms@http://npm.weimob.com/ms/-/ms-2.0.0.tgz. Extracting by manifest.
743 silly tarball no local data for debug@http://npm.weimob.com/debug/-/debug-2.6.9.tgz. Extracting by manifest.
744 silly tarball no local data for debug@http://npm.weimob.com/debug/-/debug-2.6.9.tgz. Extracting by manifest.
745 silly tarball no local data for supports-color@http://npm.weimob.com/supports-color/-/supports-color-7.2.0.tgz. Extracting by manifest.
746 silly tarball no local data for qs@http://npm.weimob.com/qs/-/qs-6.15.1.tgz. Extracting by manifest.
747 silly tarball no local data for ms@http://npm.weimob.com/ms/-/ms-2.0.0.tgz. Extracting by manifest.
748 silly tarball no local data for debug@http://npm.weimob.com/debug/-/debug-2.6.9.tgz. Extracting by manifest.
749 http fetch GET http://npm.weimob.com/@types%2festree/-/estree-1.0.8.tgz attempt 1 failed with EACCES
750 http fetch GET http://npm.weimob.com/@vitejs%2fplugin-react/-/plugin-react-5.2.0.tgz attempt 1 failed with EACCES
751 http fetch GET http://npm.weimob.com/@types%2fbabel__traverse/-/babel__traverse-7.28.0.tgz attempt 1 failed with EACCES
752 http fetch GET http://npm.weimob.com/@types%2fbabel__template/-/babel__template-7.4.4.tgz attempt 1 failed with EACCES
753 http fetch GET http://npm.weimob.com/@types%2fbabel__generator/-/babel__generator-7.27.0.tgz attempt 1 failed with EACCES
754 http fetch GET http://npm.weimob.com/@rollup%2frollup-win32-x64-msvc/-/rollup-win32-x64-msvc-4.60.2.tgz attempt 1 failed with EACCES
755 http fetch GET http://npm.weimob.com/@types%2fbabel__core/-/babel__core-7.20.5.tgz attempt 1 failed with EACCES
756 http fetch GET http://npm.weimob.com/@rollup%2frollup-win32-x64-gnu/-/rollup-win32-x64-gnu-4.60.2.tgz attempt 1 failed with EACCES
757 http fetch GET http://npm.weimob.com/@rolldown%2fpluginutils/-/pluginutils-1.0.0-rc.3.tgz attempt 1 failed with EACCES
758 http fetch GET http://npm.weimob.com/@jridgewell%2fresolve-uri/-/resolve-uri-3.1.2.tgz attempt 1 failed with EACCES
759 http fetch GET http://npm.weimob.com/@jridgewell%2fsourcemap-codec/-/sourcemap-codec-1.5.5.tgz attempt 1 failed with EACCES
760 http fetch GET http://npm.weimob.com/@jridgewell%2fgen-mapping/-/gen-mapping-0.3.13.tgz attempt 1 failed with EACCES
761 http fetch GET http://npm.weimob.com/@jridgewell%2fremapping/-/remapping-2.3.5.tgz attempt 1 failed with EACCES
762 http fetch GET http://npm.weimob.com/@jridgewell%2ftrace-mapping/-/trace-mapping-0.3.31.tgz attempt 1 failed with EACCES
763 http fetch GET http://npm.weimob.com/@esbuild%2fwin32-x64/-/win32-x64-0.21.5.tgz attempt 1 failed with EACCES
764 http fetch GET https://registry.npmjs.org/npm attempt 2 failed with EACCES
765 http fetch GET http://npm.weimob.com/@types%2festree/-/estree-1.0.8.tgz attempt 2 failed with EACCES
766 http fetch GET http://npm.weimob.com/@vitejs%2fplugin-react/-/plugin-react-5.2.0.tgz attempt 2 failed with EACCES
767 http fetch GET http://npm.weimob.com/@types%2fbabel__traverse/-/babel__traverse-7.28.0.tgz attempt 2 failed with EACCES
768 http fetch GET http://npm.weimob.com/@types%2fbabel__template/-/babel__template-7.4.4.tgz attempt 2 failed with EACCES
769 http fetch GET http://npm.weimob.com/@types%2fbabel__generator/-/babel__generator-7.27.0.tgz attempt 2 failed with EACCES
770 http fetch GET http://npm.weimob.com/@rollup%2frollup-win32-x64-msvc/-/rollup-win32-x64-msvc-4.60.2.tgz attempt 2 failed with EACCES
771 http fetch GET http://npm.weimob.com/@types%2fbabel__core/-/babel__core-7.20.5.tgz attempt 2 failed with EACCES
772 http fetch GET http://npm.weimob.com/@rollup%2frollup-win32-x64-gnu/-/rollup-win32-x64-gnu-4.60.2.tgz attempt 2 failed with EACCES
773 http fetch GET http://npm.weimob.com/@rolldown%2fpluginutils/-/pluginutils-1.0.0-rc.3.tgz attempt 2 failed with EACCES
774 http fetch GET http://npm.weimob.com/@jridgewell%2fresolve-uri/-/resolve-uri-3.1.2.tgz attempt 2 failed with EACCES
775 http fetch GET http://npm.weimob.com/@jridgewell%2fsourcemap-codec/-/sourcemap-codec-1.5.5.tgz attempt 2 failed with EACCES
776 http fetch GET http://npm.weimob.com/@jridgewell%2fgen-mapping/-/gen-mapping-0.3.13.tgz attempt 2 failed with EACCES
777 http fetch GET http://npm.weimob.com/@jridgewell%2fremapping/-/remapping-2.3.5.tgz attempt 2 failed with EACCES
778 http fetch GET http://npm.weimob.com/@jridgewell%2ftrace-mapping/-/trace-mapping-0.3.31.tgz attempt 2 failed with EACCES
779 http fetch GET http://npm.weimob.com/@esbuild%2fwin32-x64/-/win32-x64-0.21.5.tgz attempt 2 failed with EACCES
780 http fetch GET https://registry.npmjs.org/npm attempt 3 failed with EACCES
781 http fetch GET http://npm.weimob.com/@types%2festree/-/estree-1.0.8.tgz attempt 3 failed with EACCES
782 http fetch GET http://npm.weimob.com/@vitejs%2fplugin-react/-/plugin-react-5.2.0.tgz attempt 3 failed with EACCES
783 http fetch GET http://npm.weimob.com/@types%2fbabel__traverse/-/babel__traverse-7.28.0.tgz attempt 3 failed with EACCES
784 http fetch GET http://npm.weimob.com/@types%2fbabel__template/-/babel__template-7.4.4.tgz attempt 3 failed with EACCES
785 http fetch GET http://npm.weimob.com/@types%2fbabel__generator/-/babel__generator-7.27.0.tgz attempt 3 failed with EACCES
786 http fetch GET http://npm.weimob.com/@rollup%2frollup-win32-x64-msvc/-/rollup-win32-x64-msvc-4.60.2.tgz attempt 3 failed with EACCES
787 verbose reify failed optional dependency C:\Users\Administrator\Desktop\AI项目\CONSENSUS\node_modules\@rollup\rollup-win32-x64-msvc
788 silly reify mark deleted [
788 silly reify   'C:\\Users\\Administrator\\Desktop\\AI项目\\CONSENSUS\\node_modules\\@rollup\\rollup-win32-x64-msvc'
788 silly reify ]
789 http fetch GET http://npm.weimob.com/@types%2fbabel__core/-/babel__core-7.20.5.tgz attempt 3 failed with EACCES
790 http fetch GET http://npm.weimob.com/@rollup%2frollup-win32-x64-gnu/-/rollup-win32-x64-gnu-4.60.2.tgz attempt 3 failed with EACCES
791 verbose reify failed optional dependency C:\Users\Administrator\Desktop\AI项目\CONSENSUS\node_modules\@rollup\rollup-win32-x64-gnu
792 silly reify mark deleted [
792 silly reify   'C:\\Users\\Administrator\\Desktop\\AI项目\\CONSENSUS\\node_modules\\@rollup\\rollup-win32-x64-gnu'
792 silly reify ]
793 http fetch GET http://npm.weimob.com/@rolldown%2fpluginutils/-/pluginutils-1.0.0-rc.3.tgz attempt 3 failed with EACCES
794 http fetch GET http://npm.weimob.com/@jridgewell%2fresolve-uri/-/resolve-uri-3.1.2.tgz attempt 3 failed with EACCES
795 http fetch GET http://npm.weimob.com/@jridgewell%2fsourcemap-codec/-/sourcemap-codec-1.5.5.tgz attempt 3 failed with EACCES
796 http fetch GET http://npm.weimob.com/@jridgewell%2fgen-mapping/-/gen-mapping-0.3.13.tgz attempt 3 failed with EACCES
797 http fetch GET http://npm.weimob.com/@jridgewell%2fremapping/-/remapping-2.3.5.tgz attempt 3 failed with EACCES
798 http fetch GET http://npm.weimob.com/@jridgewell%2ftrace-mapping/-/trace-mapping-0.3.31.tgz attempt 3 failed with EACCES
799 http fetch GET http://npm.weimob.com/@esbuild%2fwin32-x64/-/win32-x64-0.21.5.tgz attempt 3 failed with EACCES
800 verbose reify failed optional dependency C:\Users\Administrator\Desktop\AI项目\CONSENSUS\node_modules\@esbuild\win32-x64
801 silly reify mark deleted [
801 silly reify   'C:\\Users\\Administrator\\Desktop\\AI项目\\CONSENSUS\\node_modules\\@esbuild\\win32-x64'
801 silly reify ]
802 verbose cwd C:\Users\Administrator\Desktop\AI项目\CONSENSUS
803 verbose os Windows_NT 10.0.19045
804 verbose node v22.14.0
805 verbose npm  v10.9.2
806 error Exit handler never called!
807 error This is an error with npm itself. Please report this error at:
808 error   <https://github.com/npm/cli/issues>
809 verbose exit 1
810 verbose code 1
811 error A complete log of this run can be found in: C:\Users\Administrator\Desktop\AI项目\CONSENSUS\.npm-cache\_logs\2026-05-08T12_36_00_840Z-debug-0.log
